Workbook

Sheet Master Summary
A1: SL | B1: Batch | C1: Course Status | D1: Student ID | E1: Student Name | F1: Mobile Number | G1: Guardian Number | H1: Present | I1: Absent | J1: Excused | K1: Total Classes Recorded | L1: Attendance %
A2: 1 | B2: MASSIVE 24A | C2: Complete | D2: ='MASSIVE 24A '!C4 -> 155 | E2: ='MASSIVE 24A '!B4 -> MD YEAHIA KHAN ZIHAD | F2: ='MASSIVE 24A '!D4 -> 01732-821850 | G2: ='MASSIVE 24A '!E4 -> 01676-508815 | H2: No attendance sheet | I2: No attendance sheet | J2: No attendance sheet | K2: No attendance sheet | L2: No attendance sheet
A3: 2 | B3: MASSIVE 24A | C3: Complete | D3: ='MASSIVE 24A '!C5 -> 173 | E3: ='MASSIVE 24A '!B5 -> NIYAZ MORSHED | F3: ='MASSIVE 24A '!D5 -> 01854-043818 | G3: ='MASSIVE 24A '!E5 -> 01816-335423 | H3: No attendance sheet | I3: No attendance sheet | J3: No attendance sheet | K3: No attendance sheet | L3: No attendance sheet
A4: 3 | B4: MASSIVE 24A | C4: Complete | D4: ='MASSIVE 24A '!C6 -> 165 | E4: ='MASSIVE 24A '!B6 -> MOINUL HASAN | F4: ='MASSIVE 24A '!D6 -> 01867-072375 | G4: ='MASSIVE 24A '!E6 -> 01816-335423 | H4: No attendance sheet | I4: No attendance sheet | J4: No attendance sheet | K4: No attendance sheet | L4: No attendance sheet
A5: 4 | B5: MASSIVE 24A | C5: Complete | D5: ='MASSIVE 24A '!C7 -> 167 | E5: ='MASSIVE 24A '!B7 -> MD ASIQUJJMAN TAMIM | F5: ='MASSIVE 24A '!D7 -> 01818-093643 | G5: ='MASSIVE 24A '!E7 -> 01711-271062 | H5: No attendance sheet | I5: No attendance sheet | J5: No attendance sheet | K5: No attendance sheet | L5: No attendance sheet
A6: 5 | B6: MASSIVE 24A | C6: Complete | D6: ='MASSIVE 24A '!C8 -> 170 | E6: ='MASSIVE 24A '!B8 -> MEHEDI HASAN | F6: ='MASSIVE 24A '!D8 -> 01628-357219 | G6: ='MASSIVE 24A '!E8 -> 01761-865845 | H6: No attendance sheet | I6: No attendance sheet | J6: No attendance sheet | K6: No attendance sheet | L6: No attendance sheet
A7: 6 | B7: MASSIVE 24A | C7: Complete | D7: ='MASSIVE 24A '!C9 -> 168 | E7: ='MASSIVE 24A '!B9 -> MD ABU ZAFAR | F7: ='MASSIVE 24A '!D9 -> 01326-241930 | G7: ='MASSIVE 24A '!E9 -> 01816-572569 | H7: No attendance sheet | I7: No attendance sheet | J7: No attendance sheet | K7: No attendance sheet | L7: No attendance sheet
A8: 7 | B8: MASSIVE 24A | C8: Complete | D8: ='MASSIVE 24A '!C10 -> 203 | E8: ='MASSIVE 24A '!B10 -> MD ABUL ALIM | F8: ='MASSIVE 24A '!D10 -> 01850-405109 | G8: ='MASSIVE 24A '!E10 -> 01735-956866 | H8: No attendance sheet | I8: No attendance sheet | J8: No attendance sheet | K8: No attendance sheet | L8: No attendance sheet
A9: 8 | B9: MASSIVE 24A | C9: Complete | D9: ='MASSIVE 24A '!C11 -> 232 | E9: ='MASSIVE 24A '!B11 -> MD ZAHADUR RAHMAN | F9: ='MASSIVE 24A '!D11 -> 01937-171494 | G9: ='MASSIVE 24A '!E11 -> 0 | H9: No attendance sheet | I9: No attendance sheet | J9: No attendance sheet | K9: No attendance sheet | L9: No attendance sheet
A10: 9 | B10: MASSIVE 24A | C10: Complete | D10: ='MASSIVE 24A '!C12 -> 154 | E10: ='MASSIVE 24A '!B12 -> MD SAHADAT HOSSAIN | F10: ='MASSIVE 24A '!D12 -> 01401-452420 | G10: ='MASSIVE 24A '!E12 -> 018622-89200 | H10: No attendance sheet | I10: No attendance sheet | J10: No attendance sheet | K10: No attendance sheet | L10: No attendance sheet
A11: 10 | B11: MASSIVE 24A | C11: Complete | D11: ='MASSIVE 24A '!C13 -> 181 | E11: ='MASSIVE 24A '!B13 -> ARMAN HOSSAIN SHEIKH | F11: ='MASSIVE 24A '!D13 -> 01796-589722 | G11: ='MASSIVE 24A '!E13 -> 01315-334552 | H11: No attendance sheet | I11: No attendance sheet | J11: No attendance sheet | K11: No attendance sheet | L11: No attendance sheet
A12: 11 | B12: MASSIVE 24A | C12: Complete | D12: ='MASSIVE 24A '!C14 -> 182 | E12: ='MASSIVE 24A '!B14 -> SIMU HOSSAIN | F12: ='MASSIVE 24A '!D14 -> 01732-805995 | G12: ='MASSIVE 24A '!E14 -> 01732-805995 | H12: No attendance sheet | I12: No attendance sheet | J12: No attendance sheet | K12: No attendance sheet | L12: No attendance sheet
A13: 12 | B13: MASSIVE 24A | C13: Complete | D13: ='MASSIVE 24A '!C15 -> 174 | E13: ='MASSIVE 24A '!B15 -> ARIF JAMAN | F13: ='MASSIVE 24A '!D15 -> 01402-815649 | G13: ='MASSIVE 24A '!E15 -> 01622-993487 | H13: No attendance sheet | I13: No attendance sheet | J13: No attendance sheet | K13: No attendance sheet | L13: No attendance sheet
... A29: 28 | B29: MASSIVE 24A | C29: Complete | D29: ='MASSIVE 24A '!C31 -> 204 | E29: ='MASSIVE 24A '!B31 -> Rifat Foraji | F29: ='MASSIVE 24A '!D31 -> 01779-38885 | G29: ='MASSIVE 24A '!E31 -> 01721-068412 | H29: No attendance sheet | I29: No attendance sheet | J29: No attendance sheet | K29: No attendance sheet | L29: No attendance sheet
A30: 29 | B30: MASSIVE 24B | C30: Complete | D30: ='MASSIVE 24B'!C4 -> 171 | E30: ='MASSIVE 24B'!B4 -> SUVRA MALAKER | F30: ='MASSIVE 24B'!D4 -> 01674-470243 | G30: ='MASSIVE 24B'!E4 -> 01521-216898 | H30: No attendance sheet | I30: No attendance sheet | J30: No attendance sheet | K30: No attendance sheet | L30: No attendance sheet
A31: 30 | B31: MASSIVE 24B | C31: Complete | D31: ='MASSIVE 24B'!C5 -> 156 | E31: ='MASSIVE 24B'!B5 -> MD AFNAN HOSEN ALIF | F31: ='MASSIVE 24B'!D5 -> 01303-844242 | G31: ='MASSIVE 24B'!E5 -> 01303-844242 | H31: No attendance sheet | I31: No attendance sheet | J31: No attendance sheet | K31: No attendance sheet | L31: No attendance sheet
A32: 31 | B32: MASSIVE 24B | C32: Complete | D32: ='MASSIVE 24B'!C6 -> 158 | E32: ='MASSIVE 24B'!B6 -> JAHURA AKTER | F32: ='MASSIVE 24B'!D6 -> 0 | G32: ='MASSIVE 24B'!E6 -> 01720-234626 | H32: No attendance sheet | I32: No attendance sheet | J32: No attendance sheet | K32: No attendance sheet | L32: No attendance sheet
A33: 32 | B33: MASSIVE 24B | C33: Complete | D33: ='MASSIVE 24B'!C7 -> 129 | E33: ='MASSIVE 24B'!B7 -> MD ARIF MIAH | F33: ='MASSIVE 24B'!D7 -> 01619-745810 | G33: ='MASSIVE 24B'!E7 -> 01887-403519 | H33: No attendance sheet | I33: No attendance sheet | J33: No attendance sheet | K33: No attendance sheet | L33: No attendance sheet
A34: 33 | B34: MASSIVE 24B | C34: Complete | D34: ='MASSIVE 24B'!C8 -> 130 | E34: ='MASSIVE 24B'!B8 -> MEHADI HASAN | F34: ='MASSIVE 24B'!D8 -> 01705-062132 | G34: ='MASSIVE 24B'!E8 -> 01571-425749 | H34: No attendance sheet | I34: No attendance sheet | J34: No attendance sheet | K34: No attendance sheet | L34: No attendance sheet
A35: 34 | B35: MASSIVE 24B | C35: Complete | D35: ='MASSIVE 24B'!C9 -> 131 | E35: ='MASSIVE 24B'!B9 -> MD KAMRUL ISLAM ASHIK | F35: ='MASSIVE 24B'!D9 -> 01840-520260 | G35: ='MASSIVE 24B'!E9 -> 01516-789519 | H35: No attendance sheet | I35: No attendance sheet | J35: No attendance sheet | K35: No attendance sheet | L35: No attendance sheet
A36: 35 | B36: MASSIVE 24B | C36: Complete | D36: ='MASSIVE 24B'!C10 -> 133 | E36: ='MASSIVE 24B'!B10 -> MD ALAUDDIN | F36: ='MASSIVE 24B'!D10 -> 01995-072029 | G36: ='MASSIVE 24B'!E10 -> 01886-347582 | H36: No attendance sheet | I36: No attendance sheet | J36: No attendance sheet | K36: No attendance sheet | L36: No attendance sheet
A37: 36 | B37: MASSIVE 24B | C37: Complete | D37: ='MASSIVE 24B'!C11 -> 134 | E37: ='MASSIVE 24B'!B11 -> KAWSER AHAMED | F37: ='MASSIVE 24B'!D11 -> 01887-397509 | G37: ='MASSIVE 24B'!E11 -> 01644-352805 | H37: No attendance sheet | I37: No attendance sheet | J37: No attendance sheet | K37: No attendance sheet | L37: No attendance sheet
A38: 37 | B38: MASSIVE 24B | C38: Complete | D38: ='MASSIVE 24B'!C12 -> 147 | E38: ='MASSIVE 24B'!B12 -> MAHABUB HASAN SHUVO | F38: ='MASSIVE 24B'!D12 -> 01842-115268 | G38: ='MASSIVE 24B'!E12 -> 01720-044163 | H38: No attendance sheet | I38: No attendance sheet | J38: No attendance sheet | K38: No attendance sheet | L38: No attendance sheet
A39: 38 | B39: MASSIVE 24B | C39: Complete | D39: ='MASSIVE 24B'!C13 -> 141 | E39: ='MASSIVE 24B'!B13 -> JANNAT FATEMA | F39: ='MASSIVE 24B'!D13 -> 01762-404885 | G39: ='MASSIVE 24B'!E13 -> 01762-404885 | H39: No attendance sheet | I39: No attendance sheet | J39: No attendance sheet | K39: No attendance sheet | L39: No attendance sheet
A40: 39 | B40: MASSIVE 24B | C40: Complete | D40: ='MASSIVE 24B'!C14 -> 142 | E40: ='MASSIVE 24B'!B14 -> SURAIYA AHMED | F40: ='MASSIVE 24B'!D14 -> 01712-331187 | G40: ='MASSIVE 24B'!E14 -> 0 | H40: No attendance sheet | I40: No attendance sheet | J40: No attendance sheet | K40: No attendance sheet | L40: No attendance sheet
A41: 40 | B41: MASSIVE 24B | C41: Complete | D41: ='MASSIVE 24B'!C15 -> 140 | E41: ='MASSIVE 24B'!B15 -> SHEIKH SEAMUR RAHMAN NIBIR | F41: ='MASSIVE 24B'!D15 -> 01639-566941 | G41: ='MASSIVE 24B'!E15 -> 01301-483707 | H41: No attendance sheet | I41: No attendance sheet | J41: No attendance sheet | K41: No attendance sheet | L41: No attendance sheet
... A61: 60 | B61: MASSIVE 24B | C61: Complete | D61: ='MASSIVE 24B'!C35 -> 108 | E61: ='MASSIVE 24B'!B35 -> HAJERA AKTER | F61: ='MASSIVE 24B'!D35 -> 01879-877425 | G61: ='MASSIVE 24B'!E35 -> 01882-891472 | H61: No attendance sheet | I61: No attendance sheet | J61: No attendance sheet | K61: No attendance sheet | L61: No attendance sheet
A62: 61 | B62: MASSIVE 25A | C62: Complete | D62: ='MASSIVE 25A'!C4 -> 190 | E62: ='MASSIVE 25A'!B4 -> Nazmul Hasan | F62: ='MASSIVE 25A'!D4 -> 1841561838 | G62: ='MASSIVE 25A'!E4 -> 1724761838 | H62: No attendance sheet | I62: No attendance sheet | J62: No attendance sheet | K62: No attendance sheet | L62: No attendance sheet
A63: 62 | B63: MASSIVE 25A | C63: Complete | D63: ='MASSIVE 25A'!C5 -> 193 | E63: ='MASSIVE 25A'!B5 -> Sumaiya Arefin Sumu | F63: ='MASSIVE 25A'!D5 -> 1784883491 | G63: ='MASSIVE 25A'!E5 -> 1711663693 | H63: No attendance sheet | I63: No attendance sheet | J63: No attendance sheet | K63: No attendance sheet | L63: No attendance sheet
A64: 63 | B64: MASSIVE 25A | C64: Complete | D64: ='MASSIVE 25A'!C6 -> 195 | E64: ='MASSIVE 25A'!B6 -> Tanvir Hsosen | F64: ='MASSIVE 25A'!D6 -> 1407713344 | G64: ='MASSIVE 25A'!E6 -> 1742566344 | H64: No attendance sheet | I64: No attendance sheet | J64: No attendance sheet | K64: No attendance sheet | L64: No attendance sheet
A65: 64 | B65: MASSIVE 25A | C65: Complete | D65: ='MASSIVE 25A'!C7 -> 25109 | E65: ='MASSIVE 25A'!B7 -> Golam Rabbi Akash | F65: ='MASSIVE 25A'!D7 -> 1743606008 | G65: ='MASSIVE 25A'!E7 -> 1742566344 | H65: No attendance sheet | I65: No attendance sheet | J65: No attendance sheet | K65: No attendance sheet | L65: No attendance sheet
A66: 65 | B66: MASSIVE 25A | C66: Complete | D66: ='MASSIVE 25A'!C8 -> 197 | E66: ='MASSIVE 25A'!B8 -> Md Miraj | F66: ='MASSIVE 25A'!D8 -> 1611114494 | G66: ='MASSIVE 25A'!E8 -> 1978488787 | H66: No attendance sheet | I66: No attendance sheet | J66: No attendance sheet | K66: No attendance sheet | L66: No attendance sheet
A67: 66 | B67: MASSIVE 25A | C67: Complete | D67: ='MASSIVE 25A'!C9 -> 194 | E67: ='MASSIVE 25A'!B9 -> Nasrin Akter Lima | F67: ='MASSIVE 25A'!D9 -> 1841827218 | G67: ='MASSIVE 25A'!E9 -> 1712727217 | H67: No attendance sheet | I67: No attendance sheet | J67: No attendance sheet | K67: No attendance sheet | L67: No attendance sheet
A68: 67 | B68: MASSIVE 25B | C68: Complete | D68: ='MASSIVE 25B'!C4 -> 214 | E68: ='MASSIVE 25B'!B4 -> Jubaer Abdullah Saad | F68: ='MASSIVE 25B'!D4 -> 1792252125 | G68: ='MASSIVE 25B'!E4 -> 1914197796 | H68: No attendance sheet | I68: No attendance sheet | J68: No attendance sheet | K68: No attendance sheet | L68: No attendance sheet
A69: 68 | B69: MASSIVE 25B | C69: Complete | D69: ='MASSIVE 25B'!C5 -> 213 | E69: ='MASSIVE 25B'!B5 -> Shahriara Abdullah Shihab | F69: ='MASSIVE 25B'!D5 -> 1707764197 | G69: ='MASSIVE 25B'!E5 -> 1914197796 | H69: No attendance sheet | I69: No attendance sheet | J69: No attendance sheet | K69: No attendance sheet | L69: No attendance sheet
A70: 69 | B70: MASSIVE 25B | C70: Complete | D70: ='MASSIVE 25B'!C6 -> 211 | E70: ='MASSIVE 25B'!B6 -> Hasibul Hasan Hasib | F70: ='MASSIVE 25B'!D6 -> 1997735946 | G70: ='MASSIVE 25B'!E6 -> 1719050659 | H70: No attendance sheet | I70: No attendance sheet | J70: No attendance sheet | K70: No attendance sheet | L70: No attendance sheet
A71: 70 | B71: MASSIVE 25B | C71: Complete | D71: ='MASSIVE 25B'!C7 -> 210 | E71: ='MASSIVE 25B'!B7 -> Riyad Khandaker | F71: ='MASSIVE 25B'!D7 -> 1639440531 | G71: ='MASSIVE 25B'!E7 -> 1837458138 | H71: No attendance sheet | I71: No attendance sheet | J71: No attendance sheet | K71: No attendance sheet | L71: No attendance sheet
A72: 71 | B72: MASSIVE 25B | C72: Complete | D72: ='MASSIVE 25B'!C8 -> 208 | E72: ='MASSIVE 25B'!B8 -> Shagor Mondol | F72: ='MASSIVE 25B'!D8 -> 1884338224 | G72: ='MASSIVE 25B'!E8 -> 0 | H72: No attendance sheet | I72: No attendance sheet | J72: No attendance sheet | K72: No attendance sheet | L72: No attendance sheet
A73: 72 | B73: MASSIVE 25B | C73: Complete | D73: ='MASSIVE 25B'!C9 -> 199 | E73: ='MASSIVE 25B'!B9 -> Tamim Visty | F73: ='MASSIVE 25B'!D9 -> 1810514924 | G73: ='MASSIVE 25B'!E9 -> 1408698780 | H73: No attendance sheet | I73: No attendance sheet | J73: No attendance sheet | K73: No attendance sheet | L73: No attendance sheet
A74: 73 | B74: MASSIVE 25B | C74: Complete | D74: ='MASSIVE 25B'!C10 -> 198 | E74: ='MASSIVE 25B'!B10 -> Md. Azizul Hakim | F74: ='MASSIVE 25B'!D10 -> 1772847587 | G74: ='MASSIVE 25B'!E10 -> 1761741406 | H74: No attendance sheet | I74: No attendance sheet | J74: No attendance sheet | K74: No attendance sheet | L74: No attendance sheet
A75: 74 | B75: MASSIVE 25B | C75: Complete | D75: ='MASSIVE 25B'!C11 -> 226 | E75: ='MASSIVE 25B'!B11 -> Abdullah | F75: ='MASSIVE 25B'!D11 -> 1893797917 | G75: ='MASSIVE 25B'!E11 -> 1793797917 | H75: No attendance sheet | I75: No attendance sheet | J75: No attendance sheet | K75: No attendance sheet | L75: No attendance sheet
A76: 75 | B76: MASSIVE 25C | C76: Complete | D76: ='MASSIVE 25C'!C4 -> 25103 | E76: ='MASSIVE 25C'!B4 -> Md Zehadur Rahman | F76: ='MASSIVE 25C'!D4 -> 01676-099009 | G76: ='MASSIVE 25C'!E4 -> 01735-120196 | H76: No attendance sheet | I76: No attendance sheet | J76: No attendance sheet | K76: No attendance sheet | L76: No attendance sheet
A77: 76 | B77: MASSIVE 25C | C77: Complete | D77: ='MASSIVE 25C'!C5 -> 25106 | E77: ='MASSIVE 25C'!B5 -> Md.Yeasin | F77: ='MASSIVE 25C'!D5 -> 01874-783398 | G77: ='MASSIVE 25C'!E5 -> 0130-4366941 | H77: No attendance sheet | I77: No attendance sheet | J77: No attendance sheet | K77: No attendance sheet | L77: No attendance sheet
A78: 77 | B78: MASSIVE 25C | C78: Complete | D78: ='MASSIVE 25C'!C6 -> 25113 | E78: ='MASSIVE 25C'!B6 -> Tahamida Islam | F78: ='MASSIVE 25C'!D6 -> 01992-302780 | G78: ='MASSIVE 25C'!E6 -> 01715-711748 | H78: No attendance sheet | I78: No attendance sheet | J78: No attendance sheet | K78: No attendance sheet | L78: No attendance sheet
A79: 78 | B79: MASSIVE 25C | C79: Complete | D79: ='MASSIVE 25C'!C7 -> 25114 | E79: ='MASSIVE 25C'!B7 -> Sohanur Rahman Sohag | F79: ='MASSIVE 25C'!D7 -> 01571-028361 | G79: ='MASSIVE 25C'!E7 -> 01874-310361 | H79: No attendance sheet | I79: No attendance sheet | J79: No attendance sheet | K79: No attendance sheet | L79: No attendance sheet
A80: 79 | B80: MASSIVE 25C | C80: Complete | D80: ='MASSIVE 25C'!C8 -> 25115 | E80: ='MASSIVE 25C'!B8 -> Minhajul Abedin Sihab | F80: ='MASSIVE 25C'!D8 -> 01310-561280 | G80: ='MASSIVE 25C'!E8 -> 01720-677381 | H80: No attendance sheet | I80: No attendance sheet | J80: No attendance sheet | K80: No attendance sheet | L80: No attendance sheet
A81: 80 | B81: MASSIVE 25C | C81: Complete | D81: ='MASSIVE 25C'!C9 -> 143 | E81: ='MASSIVE 25C'!B9 -> Afroza Akter Ria | F81: ='MASSIVE 25C'!D9 -> 01757-501979 | G81: ='MASSIVE 25C'!E9 -> 01711-248541 | H81: No attendance sheet | I81: No attendance sheet | J81: No attendance sheet | K81: No attendance sheet | L81: No attendance sheet
A82: 81 | B82: MASSIVE 25C | C82: Complete | D82: ='MASSIVE 25C'!C10 -> 25140 | E82: ='MASSIVE 25C'!B10 -> Mahinur Ahmed | F82: ='MASSIVE 25C'!D10 -> 01903-557838 | G82: ='MASSIVE 25C'!E10 -> 01755-593815 | H82: No attendance sheet | I82: No attendance sheet | J82: No attendance sheet | K82: No attendance sheet | L82: No attendance sheet
A83: 82 | B83: MASSIVE 25C | C83: Complete | D83: ='MASSIVE 25C'!C11 -> 0 | E83: ='MASSIVE 25C'!B11 -> Tabassum Jidni Shoha | F83: ='MASSIVE 25C'!D11 -> 01825-401806 | G83: ='MASSIVE 25C'!E11 -> 01825-340824 | H83: No attendance sheet | I83: No attendance sheet | J83: No attendance sheet | K83: No attendance sheet | L83: No attendance sheet
A84: 83 | B84: MASSIVE 25C | C84: Complete | D84: ='MASSIVE 25C'!C12 -> 25116 | E84: ='MASSIVE 25C'!B12 -> Faeria Akter Eva | F84: ='MASSIVE 25C'!D12 -> 01860-972133 | G84: ='MASSIVE 25C'!E12 -> 01857-308825 | H84: No attendance sheet | I84: No attendance sheet | J84: No attendance sheet | K84: No attendance sheet | L84: No attendance sheet
A85: 84 | B85: MASSIVE 25C | C85: Complete | D85: ='MASSIVE 25C'!C13 -> 25155 | E85: ='MASSIVE 25C'!B13 -> Tonmoy Mollik | F85: ='MASSIVE 25C'!D13 -> 01856-666518 | G85: ='MASSIVE 25C'!E13 -> 0 | H85: No attendance sheet | I85: No attendance sheet | J85: No attendance sheet | K85: No attendance sheet | L85: No attendance sheet
A86: 85 | B86: MASSIVE 25C | C86: Complete | D86: ='MASSIVE 25C'!C14 -> 25130 | E86: ='MASSIVE 25C'!B14 -> Md Omar Faruk | F86: ='MASSIVE 25C'!D14 -> 01311-462754 | G86: ='MASSIVE 25C'!E14 -> 0 | H86: No attendance sheet | I86: No attendance sheet | J86: No attendance sheet | K86: No attendance sheet | L86: No attendance sheet
A87: 86 | B87: MASSIVE 25C | C87: Complete | D87: ='MASSIVE 25C'!C15 -> 211 | E87: ='MASSIVE 25C'!B15 -> Hasibul Hasan Hasib | F87: ='MASSIVE 25C'!D15 -> 01997-735946 | G87: ='MASSIVE 25C'!E15 -> 01719-050659 | H87: No attendance sheet | I87: No attendance sheet | J87: No attendance sheet | K87: No attendance sheet | L87: No attendance sheet
... A101: 100 | B101: MASSIVE 25C | C101: Complete | D101: ='MASSIVE 25C'!C29 -> 25102 | E101: ='MASSIVE 25C'!B29 -> Md Ali Hasan | F101: ='MASSIVE 25C'!D29 -> 01997-644347 | G101: ='MASSIVE 25C'!E29 -> 01638-622424 | H101: No attendance sheet | I101: No attendance sheet | J101: No attendance sheet | K101: No attendance sheet | L101: No attendance sheet
A102: 101 | B102: MASSIVE 25F সন্ধ্যাকালীন | C102: Complete | D102: ='MASSIVE 25F সন্ধ্যাকালীন '!C4 -> 25127 | E102: ='MASSIVE 25F সন্ধ্যাকালীন '!B4 -> RAYHAN KHAN | F102: ='MASSIVE 25F সন্ধ্যাকালীন '!D4 -> 01973-679741 | G102: ='MASSIVE 25F সন্ধ্যাকালীন '!E4 -> 01758-490722 | H102: No attendance sheet | I102: No attendance sheet | J102: No attendance sheet | K102: No attendance sheet | L102: No attendance sheet
A103: 102 | B103: MASSIVE 25F সন্ধ্যাকালীন | C103: Complete | D103: ='MASSIVE 25F সন্ধ্যাকালীন '!C5 -> 25129 | E103: ='MASSIVE 25F সন্ধ্যাকালীন '!B5 -> MD SIHAB | F103: ='MASSIVE 25F সন্ধ্যাকালীন '!D5 -> 01316-316822 | G103: ='MASSIVE 25F সন্ধ্যাকালীন '!E5 -> 01724-818179 | H103: No attendance sheet | I103: No attendance sheet | J103: No attendance sheet | K103: No attendance sheet | L103: No attendance sheet
A104: 103 | B104: MASSIVE 25F সন্ধ্যাকালীন | C104: Complete | D104: ='MASSIVE 25F সন্ধ্যাকালীন '!C6 -> 25131 | E104: ='MASSIVE 25F সন্ধ্যাকালীন '!B6 -> MAHADI HASAN FARDIN | F104: ='MASSIVE 25F সন্ধ্যাকালীন '!D6 -> 01622-788915 | G104: ='MASSIVE 25F সন্ধ্যাকালীন '!E6 -> 01622-788915 | H104: No attendance sheet | I104: No attendance sheet | J104: No attendance sheet | K104: No attendance sheet | L104: No attendance sheet
A105: 104 | B105: MASSIVE 25F সন্ধ্যাকালীন | C105: Complete | D105: ='MASSIVE 25F সন্ধ্যাকালীন '!C7 -> 25132 | E105: ='MASSIVE 25F সন্ধ্যাকালীন '!B7 -> MD MAMUN HOSSAIN | F105: ='MASSIVE 25F সন্ধ্যাকালীন '!D7 -> 01912-863688 | G105: ='MASSIVE 25F সন্ধ্যাকালীন '!E7 -> 0 | H105: No attendance sheet | I105: No attendance sheet | J105: No attendance sheet | K105: No attendance sheet | L105: No attendance sheet
A106: 105 | B106: MASSIVE 25F সন্ধ্যাকালীন | C106: Complete | D106: ='MASSIVE 25F সন্ধ্যাকালীন '!C8 -> 25133 | E106: ='MASSIVE 25F সন্ধ্যাকালীন '!B8 -> RAYHAN HOSSAIN | F106: ='MASSIVE 25F সন্ধ্যাকালীন '!D8 -> 01840-504083 | G106: ='MASSIVE 25F সন্ধ্যাকালীন '!E8 -> 0 | H106: No attendance sheet | I106: No attendance sheet | J106: No attendance sheet | K106: No attendance sheet | L106: No attendance sheet
A107: 106 | B107: MASSIVE 25F সন্ধ্যাকালীন | C107: Complete | D107: ='MASSIVE 25F সন্ধ্যাকালীন '!C9 -> 25134 | E107: ='MASSIVE 25F সন্ধ্যাকালীন '!B9 -> MD TOPIBUL RAHMAN | F107: ='MASSIVE 25F সন্ধ্যাকালীন '!D9 -> 01329-521365 | G107: ='MASSIVE 25F সন্ধ্যাকালীন '!E9 -> 01329-521365 | H107: No attendance sheet | I107: No attendance sheet | J107: No attendance sheet | K107: No attendance sheet | L107: No attendance sheet
A108: 107 | B108: MASSIVE 25F সন্ধ্যাকালীন | C108: Complete | D108: ='MASSIVE 25F সন্ধ্যাকালীন '!C10 -> 25138 | E108: ='MASSIVE 25F সন্ধ্যাকালীন '!B10 -> SOJOL CONDRO DAS | F108: ='MASSIVE 25F সন্ধ্যাকালীন '!D10 -> 016411-45453 | G108: ='MASSIVE 25F সন্ধ্যাকালীন '!E10 -> 0 | H108: No attendance sheet | I108: No attendance sheet | J108: No attendance sheet | K108: No attendance sheet | L108: No attendance sheet
A109: 108 | B109: MASSIVE 25F সন্ধ্যাকালীন | C109: Complete | D109: ='MASSIVE 25F সন্ধ্যাকালীন '!C11 -> 217 | E109: ='MASSIVE 25F সন্ধ্যাকালীন '!B11 -> MD MAHABUB ELAHI | F109: ='MASSIVE 25F সন্ধ্যাকালীন '!D11 -> 01301-696712 | G109: ='MASSIVE 25F সন্ধ্যাকালীন '!E11 -> 01715-302880 | H109: No attendance sheet | I109: No attendance sheet | J109: No attendance sheet | K109: No attendance sheet | L109: No attendance sheet
A110: 109 | B110: MASSIVE 25F সন্ধ্যাকালীন | C110: Complete | D110: ='MASSIVE 25F সন্ধ্যাকালীন '!C12 -> 25141 | E110: ='MASSIVE 25F সন্ধ্যাকালীন '!B12 -> HOSSAIN ALI | F110: ='MASSIVE 25F সন্ধ্যাকালীন '!D12 -> 01673-958244 | G110: ='MASSIVE 25F সন্ধ্যাকালীন '!E12 -> 0 | H110: No attendance sheet | I110: No attendance sheet | J110: No attendance sheet | K110: No attendance sheet | L110: No attendance sheet
A111: 110 | B111: MASSIVE 25F সন্ধ্যাকালীন | C111: Complete | D111: ='MASSIVE 25F সন্ধ্যাকালীন '!C13 -> 25150 | E111: ='MASSIVE 25F সন্ধ্যাকালীন '!B13 -> MD MIRAZ KHAN | F111: ='MASSIVE 25F সন্ধ্যাকালীন '!D13 -> 01623-326052 | G111: ='MASSIVE 25F সন্ধ্যাকালীন '!E13 -> 0 | H111: No attendance sheet | I111: No attendance sheet | J111: No attendance sheet | K111: No attendance sheet | L111: No attendance sheet
A112: 111 | B112: MASSIVE 25F সন্ধ্যাকালীন | C112: Complete | D112: ='MASSIVE 25F সন্ধ্যাকালীন '!C14 -> 25194 | E112: ='MASSIVE 25F সন্ধ্যাকালীন '!B14 -> RIFAT HOSSAIN | F112: ='MASSIVE 25F সন্ধ্যাকালীন '!D14 -> 01518-405331 | G112: ='MASSIVE 25F সন্ধ্যাকালীন '!E14 -> 01718-707710 | H112: No attendance sheet | I112: No attendance sheet | J112: No attendance sheet | K112: No attendance sheet | L112: No attendance sheet
A113: 112 | B113: MASSIVE 25F সন্ধ্যাকালীন | C113: Complete | D113: ='MASSIVE 25F সন্ধ্যাকালীন '!C15 -> 25160 | E113: ='MASSIVE 25F সন্ধ্যাকালীন '!B15 -> MD MIRAJ | F113: ='MASSIVE 25F সন্ধ্যাকালীন '!D15 -> 01788-999180 | G113: ='MASSIVE 25F সন্ধ্যাকালীন '!E15 -> 01973-899180 | H113: No attendance sheet | I113: No attendance sheet | J113: No attendance sheet | K113: No attendance sheet | L113: No attendance sheet
... A115: 114 | B115: MASSIVE 25F সন্ধ্যাকালীন | C115: Complete | D115: ='MASSIVE 25F সন্ধ্যাকালীন '!C17 -> 25185 | E115: ='MASSIVE 25F সন্ধ্যাকালীন '!B17 -> ISHAQUE JAHAN SOIKAT | F115: ='MASSIVE 25F সন্ধ্যাকালীন '!D17 -> 01629-802488 | G115: ='MASSIVE 25F সন্ধ্যাকালীন '!E17 -> 01830-938388 | H115: No attendance sheet | I115: No attendance sheet | J115: No attendance sheet | K115: No attendance sheet | L115: No attendance sheet
A116: 115 | B116: MASSIVE 25D | C116: Complete | D116: ='MASSIVE 25D'!C4 -> 219 | E116: ='MASSIVE 25D'!B4 -> MD.ELIAS AKBOR | F116: ='MASSIVE 25D'!D4 -> 01911-682069 | G116: ='MASSIVE 25D'!E4 -> 1676201013 | H116: No attendance sheet | I116: No attendance sheet | J116: No attendance sheet | K116: No attendance sheet | L116: No attendance sheet
A117: 116 | B117: MASSIVE 25D | C117: Complete | D117: ='MASSIVE 25D'!C5 -> 218 | E117: ='MASSIVE 25D'!B5 -> ABIR MAHAMUD | F117: ='MASSIVE 25D'!D5 -> 01767-452555 | G117: ='MASSIVE 25D'!E5 -> 1767452555 | H117: No attendance sheet | I117: No attendance sheet | J117: No attendance sheet | K117: No attendance sheet | L117: No attendance sheet
A118: 117 | B118: MASSIVE 25D | C118: Complete | D118: ='MASSIVE 25D'!C6 -> 220 | E118: ='MASSIVE 25D'!B6 -> MD.JUNAYED GONII | F118: ='MASSIVE 25D'!D6 -> 1639141041 | G118: ='MASSIVE 25D'!E6 -> 0 | H118: No attendance sheet | I118: No attendance sheet | J118: No attendance sheet | K118: No attendance sheet | L118: No attendance sheet
A119: 118 | B119: MASSIVE 25D | C119: Complete | D119: ='MASSIVE 25D'!C7 -> 224 | E119: ='MASSIVE 25D'!B7 -> MD. ASHIK | F119: ='MASSIVE 25D'!D7 -> 1795533444 | G119: ='MASSIVE 25D'!E7 -> 0 | H119: No attendance sheet | I119: No attendance sheet | J119: No attendance sheet | K119: No attendance sheet | L119: No attendance sheet
A120: 119 | B120: MASSIVE 25D | C120: Complete | D120: ='MASSIVE 25D'!C8 -> 221 | E120: ='MASSIVE 25D'!B8 -> MD.ASADOZZAMAN SADIR | F120: ='MASSIVE 25D'!D8 -> 1614935456 | G120: ='MASSIVE 25D'!E8 -> 1765834473 | H120: No attendance sheet | I120: No attendance sheet | J120: No attendance sheet | K120: No attendance sheet | L120: No attendance sheet
A121: 120 | B121: MASSIVE 25D | C121: Complete | D121: ='MASSIVE 25D'!C9 -> 222 | E121: ='MASSIVE 25D'!B9 -> NAHID | F121: ='MASSIVE 25D'!D9 -> 1906959935 | G121: ='MASSIVE 25D'!E9 -> 0 | H121: No attendance sheet | I121: No attendance sheet | J121: No attendance sheet | K121: No attendance sheet | L121: No attendance sheet
A122: 121 | B122: MASSIVE 25D | C122: Complete | D122: ='MASSIVE 25D'!C10 -> 225 | E122: ='MASSIVE 25D'!B10 -> MD BADRUL ALOM SORON | F122: ='MASSIVE 25D'!D10 -> 1681232525 | G122: ='MASSIVE 25D'!E10 -> 0 | H122: No attendance sheet | I122: No attendance sheet | J122: No attendance sheet | K122: No attendance sheet | L122: No attendance sheet
A123: 122 | B123: MASSIVE 25D | C123: Complete | D123: ='MASSIVE 25D'!C11 -> 235 | E123: ='MASSIVE 25D'!B11 -> LAMIA AKTER MIM | F123: ='MASSIVE 25D'!D11 -> 01979-109557 | G123: ='MASSIVE 25D'!E11 -> 0 | H123: No attendance sheet | I123: No attendance sheet | J123: No attendance sheet | K123: No attendance sheet | L123: No attendance sheet
A124: 123 | B124: MASSIVE 25D | C124: Complete | D124: ='MASSIVE 25D'!C12 -> 230 | E124: ='MASSIVE 25D'!B12 -> RIFAT HASAN | F124: ='MASSIVE 25D'!D12 -> 01537-552123 | G124: ='MASSIVE 25D'!E12 -> 01540-781588 | H124: No attendance sheet | I124: No attendance sheet | J124: No attendance sheet | K124: No attendance sheet | L124: No attendance sheet
A125: 124 | B125: MASSIVE 25D | C125: Complete | D125: ='MASSIVE 25D'!C13 -> 223 | E125: ='MASSIVE 25D'!B13 -> MD.IKHTIYAR HOSEN | F125: ='MASSIVE 25D'!D13 -> 01609-731308 | G125: ='MASSIVE 25D'!E13 -> 0 | H125: No attendance sheet | I125: No attendance sheet | J125: No attendance sheet | K125: No attendance sheet | L125: No attendance sheet
A126: 125 | B126: MASSIVE 25E | C126: Complete | D126: ='MASSIVE 25E'!C4 -> 25117 | E126: ='MASSIVE 25E'!B4 -> MD MUFIDUL ISLAM NILOY | F126: ='MASSIVE 25E'!D4 -> 01886-320981 | G126: ='MASSIVE 25E'!E4 -> 01681-010533 | H126: No attendance sheet | I126: No attendance sheet | J126: No attendance sheet | K126: No attendance sheet | L126: No attendance sheet
A127: 126 | B127: MASSIVE 25E | C127: Complete | D127: ='MASSIVE 25E'!C5 -> 25118 | E127: ='MASSIVE 25E'!B5 -> MD MONTASIR RAHMAN | F127: ='MASSIVE 25E'!D5 -> 01828-976616 | G127: ='MASSIVE 25E'!E5 -> 01759-129011 | H127: No attendance sheet | I127: No attendance sheet | J127: No attendance sheet | K127: No attendance sheet | L127: No attendance sheet
A128: 127 | B128: MASSIVE 25E | C128: Complete | D128: ='MASSIVE 25E'!C6 -> 230 | E128: ='MASSIVE 25E'!B6 -> RIFAT HASAN | F128: ='MASSIVE 25E'!D6 -> 01537-552123 | G128: ='MASSIVE 25E'!E6 -> 01540-781588 | H128: No attendance sheet | I128: No attendance sheet | J128: No attendance sheet | K128: No attendance sheet | L128: No attendance sheet
A129: 128 | B129: MASSIVE 25E | C129: Complete | D129: ='MASSIVE 25E'!C7 -> 25120 | E129: ='MASSIVE 25E'!B7 -> ANIKA DEWAN | F129: ='MASSIVE 25E'!D7 -> 01846-117102 | G129: ='MASSIVE 25E'!E7 -> 01301-054934 | H129: No attendance sheet | I129: No attendance sheet | J129: No attendance sheet | K129: No attendance sheet | L129: No attendance sheet
A130: 129 | B130: MASSIVE 25E | C130: Complete | D130: ='MASSIVE 25E'!C8 -> 0 | E130: ='MASSIVE 25E'!B8 -> MD MAHADI HASAN | F130: ='MASSIVE 25E'!D8 -> 01533-465601 | G130: ='MASSIVE 25E'!E8 -> 0 | H130: No attendance sheet | I130: No attendance sheet | J130: No attendance sheet | K130: No attendance sheet | L130: No attendance sheet
A131: 130 | B131: MASSIVE 25E | C131: Complete | D131: ='MASSIVE 25E'!C9 -> 25125 | E131: ='MASSIVE 25E'!B9 -> HASAN Cokder | F131: ='MASSIVE 25E'!D9 -> 01622-140141 | G131: ='MASSIVE 25E'!E9 -> 01877-811672 | H131: No attendance sheet | I131: No attendance sheet | J131: No attendance sheet | K131: No attendance sheet | L131: No attendance sheet
A132: 131 | B132: MASSIVE 25E | C132: Complete | D132: ='MASSIVE 25E'!C10 -> 25119 | E132: ='MASSIVE 25E'!B10 -> EIFTI AHMED | F132: ='MASSIVE 25E'!D10 -> 01875-318465 | G132: ='MASSIVE 25E'!E10 -> 01868-531499 | H132: No attendance sheet | I132: No attendance sheet | J132: No attendance sheet | K132: No attendance sheet | L132: No attendance sheet
A133: 132 | B133: MASSIVE 25E | C133: Complete | D133: ='MASSIVE 25E'!C11 -> 0 | E133: ='MASSIVE 25E'!B11 -> MD SHARIR HOSSEN | F133: ='MASSIVE 25E'!D11 -> 01643-711825 | G133: ='MASSIVE 25E'!E11 -> 01714-451783 | H133: No attendance sheet | I133: No attendance sheet | J133: No attendance sheet | K133: No attendance sheet | L133: No attendance sheet
A134: 133 | B134: MASSIVE 25E | C134: Complete | D134: ='MASSIVE 25E'!C12 -> 25126 | E134: ='MASSIVE 25E'!B12 -> AMINUL ISLAM JISUN | F134: ='MASSIVE 25E'!D12 -> 01758-034945 | G134: ='MASSIVE 25E'!E12 -> 0171954-0296 | H134: No attendance sheet | I134: No attendance sheet | J134: No attendance sheet | K134: No attendance sheet | L134: No attendance sheet
A135: 134 | B135: MASSIVE 25E | C135: Complete | D135: ='MASSIVE 25E'!C13 -> 25128 | E135: ='MASSIVE 25E'!B13 -> KOUSIK MITRA | F135: ='MASSIVE 25E'!D13 -> 0130-5498009 | G135: ='MASSIVE 25E'!E13 -> 01712-741310 | H135: No attendance sheet | I135: No attendance sheet | J135: No attendance sheet | K135: No attendance sheet | L135: No attendance sheet
A136: 135 | B136: MASSIVE 25E | C136: Complete | D136: ='MASSIVE 25E'!C14 -> 25121 | E136: ='MASSIVE 25E'!B14 -> ISTIAK AHMED | F136: ='MASSIVE 25E'!D14 -> 01915-151185 | G136: ='MASSIVE 25E'!E14 -> 0 | H136: No attendance sheet | I136: No attendance sheet | J136: No attendance sheet | K136: No attendance sheet | L136: No attendance sheet
A137: 136 | B137: MASSIVE 25E | C137: Complete | D137: ='MASSIVE 25E'!C15 -> 25122 | E137: ='MASSIVE 25E'!B15 -> MD MURAD HASAN | F137: ='MASSIVE 25E'!D15 -> 01772-320036 | G137: ='MASSIVE 25E'!E15 -> 01929-082894 | H137: No attendance sheet | I137: No attendance sheet | J137: No attendance sheet | K137: No attendance sheet | L137: No attendance sheet
A138: 137 | B138: MASSIVE 25E | C138: Complete | D138: ='MASSIVE 25E'!C16 -> 25123 | E138: ='MASSIVE 25E'!B16 -> BM SAAMIR | F138: ='MASSIVE 25E'!D16 -> 01782-220275 | G138: ='MASSIVE 25E'!E16 -> 01930-254509 | H138: No attendance sheet | I138: No attendance sheet | J138: No attendance sheet | K138: No attendance sheet | L138: No attendance sheet
A139: 138 | B139: MASSIVE 25G | C139: Complete | D139: ='MASSIVE 25G'!D4 -> 25148 | E139: ='MASSIVE 25G'!C4 -> MD NAIM KHAN | F139: ='MASSIVE 25G'!E4 -> 01629-787994 | G139: ='MASSIVE 25G'!F4 -> 01829-268803 | H139: No attendance sheet | I139: No attendance sheet | J139: No attendance sheet | K139: No attendance sheet | L139: No attendance sheet
A140: 139 | B140: MASSIVE 25G | C140: Complete | D140: ='MASSIVE 25G'!D5 -> 25147 | E140: ='MASSIVE 25G'!C5 -> MD TOUFIK AHMED | F140: ='MASSIVE 25G'!E5 -> 01339-633559 | G140: ='MASSIVE 25G'!F5 -> 01675-551262 | H140: No attendance sheet | I140: No attendance sheet | J140: No attendance sheet | K140: No attendance sheet | L140: No attendance sheet
A141: 140 | B141: MASSIVE 25G | C141: Complete | D141: ='MASSIVE 25G'!D6 -> 25145 | E141: ='MASSIVE 25G'!C6 -> AL SHAHRIA | F141: ='MASSIVE 25G'!E6 -> 01560-015620 | G141: ='MASSIVE 25G'!F6 -> 01745-394026 | H141: No attendance sheet | I141: No attendance sheet | J141: No attendance sheet | K141: No attendance sheet | L141: No attendance sheet
A142: 141 | B142: MASSIVE 25G | C142: Complete | D142: ='MASSIVE 25G'!D7 -> 25144 | E142: ='MASSIVE 25G'!C7 -> RASEDUL ISLAM TUSHAR | F142: ='MASSIVE 25G'!E7 -> 01798-048367 | G142: ='MASSIVE 25G'!F7 -> 01789-262371 | H142: No attendance sheet | I142: No attendance sheet | J142: No attendance sheet | K142: No attendance sheet | L142: No attendance sheet
A143: 142 | B143: MASSIVE 25G | C143: Complete | D143: ='MASSIVE 25G'!D8 -> 25137 | E143: ='MASSIVE 25G'!C8 -> MD MARUF HOSSAIN SIAM | F143: ='MASSIVE 25G'!E8 -> 01984-348666 | G143: ='MASSIVE 25G'!F8 -> 01581-227286 | H143: No attendance sheet | I143: No attendance sheet | J143: No attendance sheet | K143: No attendance sheet | L143: No attendance sheet
A144: 143 | B144: MASSIVE 25G | C144: Complete | D144: ='MASSIVE 25G'!D9 -> 25153 | E144: ='MASSIVE 25G'!C9 -> AL JUBAIR | F144: ='MASSIVE 25G'!E9 -> 01873-652079 | G144: ='MASSIVE 25G'!F9 -> 01823-417527 | H144: No attendance sheet | I144: No attendance sheet | J144: No attendance sheet | K144: No attendance sheet | L144: No attendance sheet
A145: 144 | B145: MASSIVE 25G | C145: Complete | D145: ='MASSIVE 25G'!D10 -> 25152 | E145: ='MASSIVE 25G'!C10 -> MD.SADDAM HOSSAIN | F145: ='MASSIVE 25G'!E10 -> 01734-812609 | G145: ='MASSIVE 25G'!F10 -> 01855-340041 | H145: No attendance sheet | I145: No attendance sheet | J145: No attendance sheet | K145: No attendance sheet | L145: No attendance sheet
A146: 145 | B146: MASSIVE 25G | C146: Complete | D146: ='MASSIVE 25G'!D11 -> 25154 | E146: ='MASSIVE 25G'!C11 -> SHANTO MOLLIK | F146: ='MASSIVE 25G'!E11 -> 01872-316793 | G146: ='MASSIVE 25G'!F11 -> 0 | H146: No attendance sheet | I146: No attendance sheet | J146: No attendance sheet | K146: No attendance sheet | L146: No attendance sheet
A147: 146 | B147: MASSIVE 25G | C147: Complete | D147: ='MASSIVE 25G'!D12 -> 25162 | E147: ='MASSIVE 25G'!C12 -> MUSFIQUR MAHMUD | F147: ='MASSIVE 25G'!E12 -> 01788-444277 | G147: ='MASSIVE 25G'!F12 -> 01818-459512 | H147: No attendance sheet | I147: No attendance sheet | J147: No attendance sheet | K147: No attendance sheet | L147: No attendance sheet
A148: 147 | B148: MASSIVE 25G | C148: Complete | D148: ='MASSIVE 25G'!D13 -> 25156 | E148: ='MASSIVE 25G'!C13 -> SIAM DEWAN | F148: ='MASSIVE 25G'!E13 -> 01866-449803 | G148: ='MASSIVE 25G'!F13 -> 0 | H148: No attendance sheet | I148: No attendance sheet | J148: No attendance sheet | K148: No attendance sheet | L148: No attendance sheet
...

Sheet ORGINAL
A1: MASSIVE 25G সকাল ১০টা থেকে ১২টা
A2: Course Duration | F2: Course Status :
A3: SL NO. | B3: Student Name | C3: Student ID | D3: Mobile Number | E3: Guardian Number | F3: Date Of Birth | G3: Guarantor | H3: Relationship With Guarantor | I3: COMMENT
A4: 1
A5: 2
A6: 3
A7: 4
A8: 5
A9: 6
A10: 7
A11: 8
A12: 9
A13: 10
A14: 11
A15: 12
... A20: 17
A21: `18
A22: 19
A23: 20
A24: 21
A25: 22
A26: 23

Sheet Sheet30
A1: STUDENT VISA
A2: SL. | B2: Id No | C2: Name | D2: Number | E2: Class | F2: UPDATE
A3: 1 | B3: 143 | C3: Afroza Akter Ria | D3: 01757-501979 | F3: 46113
A4: 2 | B4: 139 | C4: Rifat Islam Apurbo | D4: 01836-813717 | F4: 46113
A5: 3 | B5: 155 | C5: Md Yeahia Khan Zihad | D5: 01732-821850
A6: 4 | B6: 173 | C6: Niyaz Morshed | D6: 01816-335423 | F6: 46113
A7: 5 | B7: 170 | C7: Mehedi Hasan | D7: 01761-865845 | E7: MASSIVE 25I N4 | F7: 46113
A8: 6 | B8: 203 | C8: Md Abdul Alim | D8: 01735-956866 | E8: MASSIVE 24A | F8: 46113
A9: 7 | B9: 25201 | C9: Hasibul Alom Rapty | D9: 01683-871353 | F9: 46296
A10: 8 | B10: 180 | C10: Jabed Hosain | D10: 01935-827859 | F10: 46113
A11: 9 | B11: 25202 | C11: Mst Nusrat Jahan Neela | D11: 01912-834664
A12: 10 | B12: 185 | C12: Kamruna Akter | D12: 01731-302196
A13: 11 | B13: 184 | C13: Ehsanul Bari | D13: 01957-007394 | F13: 46113
A14: 12 | B14: 205 | C14: Jesan Khan | D14: 01716-025629 | F14: 46113
A15: 13 | B15: 193 | C15: Sumaiya Arefin Sumu | D15: 01784-883491 | F15: 46113
A16: 14 | B16: 211 | C16: Hasibul Hasan Hasib | D16: 01997-735946 | F16: 46114
A17: 15 | B17: 208 | C17: Shagor Mondol | D17: 01884-338224/ 01712-097253
A18: 16 | B18: 220 | C18: Md. Junayed Goni | D18: 01639-141041 | F18: 46296
A19: 17 | B19: 221 | C19: Md. Asadozzaman Sadir | D19: 01614-935456 | E19: MASSIVE 25I N4 | F19: 46113
A20: 18 | B20: 231 | C20: Shikin | D20: 01897-607430 | E20: MASSIVE 24A | F20: 46113
A21: 19 | B21: 229 | C21: Mohammed Riad | D21: 01881-363564 | E21: ONLY FILE PROCESSING | F21: 46114
A22: 20 | B22: 25112 | C22: Md Arif Hossain | E22: MASSIVE 25C
A23: 21 | B23: 25113 | C23: Tahamida Islam | D23: 01992-302780 | E23: MASSIVE 25C | F23: 46114
A24: 22 | B24: 25114 | C24: Sohanur Rahman Sohag | D24: 01956-245865 | E24: MASSIVE 25C | F24: 46296
A25: 23 | B25: 25115 | C25: Minhajul Abedin Sihab | D25: 01310-561280 | E25: MASSIVE 25C | F25: 46113
A26: 24 | B26: 25111 | C26: Md Mahim Chokder | D26: 01735-718862 | E26: ONLY FILE PROCESSING | F26: 46114
A27: 25 | B27: 25130 | C27: Md Omar Faruk | D27: 01311-462754 | E27: MASSIVE 25C | F27: 46113
A28: 26 | B28: 25131 | C28: Mahadi Hasan Fardin | D28: 01622-788915 | E28: MASSIVE 25F | F28: 46204
A29: 27 | B29: 25135 | C29: Md Yousuf | E29: ONLY FILE PROCESSING | F29: 46113
A30: 28 | B30: 25139 | C30: Shak Md Rahin | D30: 01720-385466 | E30: MASSIVE 25C
A31: 29 | B31: 25140 | C31: Mahinur Ahmed | D31: 01903-557838 | E31: MASSIVE 25C | F31: 46113
A32: 30 | B32: 25142 | C32: Md Solaiman Sheikh | D32: 01818-209125 | E32: MASSIVE 25I N4 | F32: 46113
A33: 31 | B33: 25146 | C33: Sanjidur Rahman | D33: 0187-7681497 | E33: MASSIVE 25H
A34: 32 | B34: 25149 | C34: Tabassum Jidni Shoha | D34: 01825-401806 | E34: MASSIVE 25C
A35: 33 | B35: 25153 | C35: Al Jubair | D35: 01873-652079 | E35: MASSIVE 25G | F35: 46296
A36: 34 | B36: 25155 | C36: Tonmoy Mallik | D36: 01856-666518 | E36: MASSIVE 25C | F36: 46113
A37: 35 | B37: 25157 | C37: Pronob Kumar Das | D37: 01792-160685 | E37: MASSIVE 25G
A38: 36 | B38: 25159 | C38: Md Anamul Hasan Sabbir | D38: 01828-023752 | E38: MASSIVE 25G
A39: 37 | B39: 25158 | C39: Yeamin Senriabat | D39: 01828-960337 | E39: MASSIVE 25G
A40: 38 | B40: 25161 | C40: Kawshar Hasan Sumit | D40: 01300-774779 | E40: MASSIVE 25H
A41: 39 | B41: 25171 | C41: Md Jubaer Hossain | D41: 01978-705578 | E41: MASSIVE 25H
A42: 40 | B42: 25173 | C42: Nusrat Jahan | D42: 01614-937695 | E42: MASSIVE 25H
A43: 41 | B43: 25175 | C43: Abdullah Sarker Ovi | D43: 01939-988433 | E43: MASSIVE 25H, MASSIVE 25K
A44: 42 | B44: 25178 | C44: Sahadat Hossain Dipu | D44: 01905-085910 | E44: MASSIVE 25J
A45: 43 | B45: 25182 | C45: Hasibul Alom Rapty | D45: 01992-090405 | E45: MASSIVE 25H | F45: 46296
A46: 44 | B46: 25183 | C46: Md Zumman Hossain Rifat | D46: 01914-013365 | E46: ONLY FILE PROCESSING | F46: 46113
A47: 45 | B47: 25187 | C47: Md. Naymul Islam | D47: 01827-820017 | E47: MASSIVE 25J
A48: 46 | B48: 25184 | C48: Rayhan Miah | D48: 01568-531847 | E48: MASSIVE 25G
A49: 47 | B49: 25190 | C49: Abdullah Al Sajib | D49: 01836-645626 | E49: MASSIVE 25J
A50: 48 | B50: 25191 | C50: Md Fardin | D50: 01862-113786 | E50: MASSIVE 25J | F50: 46296
A51: 49 | B51: 25192 | C51: Siam Ahmed Azim | D51: 01731-843407 | E51: MASSIVE 25J
A52: 50 | B52: 25193 | C52: Md Emon | D52: 01818-086458 | E52: MASSIVE 25J | F52: 46296
A53: 51 | B53: 25194 | C53: Rifat Hossain | D53: 01518-405331 | E53: MASSIVE 25F
A54: 52 | B54: 25195 | C54: Saminul Islam Shimul | D54: 01739-508577 | E54: MASSIVE 25G | F54: 46204
A55: 53 | B55: 25197 | C55: Rabbi Mia | D55: 01860-526566 | E55: MASSIVE 25K
A56: 54 | B56: 25199 | C56: Julian Leon Baroi | D56: 01533-931417 | E56: MASSIVE 25K
A57: 55 | B57: 25203 | C57: Mst Humayra Tabassum Mahi | E57: ONLY FILE PROCESSING | F57: 46113
A58: 56 | B58: 25204 | C58: Md Tanim Patwary | E58: ONLY FILE PROCESSING | F58: 46113
A59: 57 | B59: 25206 | C59: Dip Roy | D59: 01749-387312 | E59: MASSIVE 25K | F59: 46296
A60: 58 | B60: 25208 | C60: Mst Anika | D60: 01779-063625 | E60: MASSIVE 25K
A61: 59 | B61: 25209 | C61: Md Tuhin Sarkar | D61: 01825-954506 | E61: MASSIVE 25K
A62: 60 | B62: 25210 | C62: Rubaya Sultana Rumana | D62: 01760-877543 | E62: MASSIVE 25K
A63: 61 | B63: 25213 | C63: Md Tanvir Bhuiyan | D63: 01783-373127 | E63: MASSIVE 25K | F63: 46296
A64: 62 | B64: 25214 | C64: Salma Akter | D64: 01951-640366 | E64: MASSIVE 25K | F64: 46296
A65: 63 | B65: 25215 | C65: Angon Sarkar | D65: 01530-074774 | E65: MASSIVE 25K
A66: 64 | B66: 25216 | C66: Yead Hasan | D66: 01306-427452 | E66: MASSIVE 25K
A67: 65 | B67: 25218 | C67: Naomi Kabir | D67: 01627-330756 | E67: MASSIVE 25J
A68: 66 | B68: 25221 | C68: Md. Ashraful | D68: 01787-108095 | E68: MJLI 12
A69: 67 | B69: 25223 | C69: Md Asraf Hossain | D69: 01400-306842 | E69: MJLI 12 | F69: 46296
A70: 68 | B70: 25224 | C70: Md Sowayeed Sawban | D70: 01945-409980 | E70: MJLI 12 | F70: 46296
A71: 69 | B71: 25226 | C71: Ayon Saha | D71: 01647-148607 | E71: MJLI 12
A72: 70 | B72: 25227 | C72: Was Kuroni Haque Nipu | D72: 01402-818391 | E72: MJLI 12
A73: 71 | B73: 25228 | C73: Morsalin Sheikh | D73: 01328-237431 | E73: MJLI 12
A74: 72 | B74: 25230 | C74: Sadia Islam | D74: 01876-519488 | E74: MASSIVE 25K | F74: 46296
A75: 73 | B75: 25231 | C75: Boishakhi Akter | D75: 01969-023576 | E75: MASSIVE 25K | F75: 46296
A76: 74 | B76: 25232 | C76: Tonmoy Das | D76: 01877-814141 | E76: MJLI 13
A77: 75 | B77: 25233 | C77: Shovo Das | D77: 01781-847450 | E77: MJLI 13

Sheet Student list
A1: cp
A2: DATE | B2: NAME | C2: NUMBER | D2: REF.
B3: SHAMIM | C3: 01324-724989 | D3: SONDHA KALIN
B4: SALEHA AKTER SIKHA | C4: 01776-203072 | D4: SONDHA KALIN
A6: 45962 | B6: MEHEDI HASAN | C6: 01834-306998 | D6: NEW BATCH
A7: 45964 | B7: Omit Mollik | C7: 01789-774090 | D7: Tonmoy Mollik
A8: 45964 | B8: Shahnewaj | C8: 01825-136954 | D8: Tonmoy Mollik
A10: 45976 | B10: SOJIB | C10: 01319-347720
A11: 45979 | B11: maksud alom | C11: 01992-932246
A12: 45978 | B12: Rahat | C12: 01793-688129 | D12: jan mase
A13: 45983 | B13: Sumaiya | D13: sagor vai
A14: 45984 | B14: sayem sarker | C14: 01755-939460 | D14: RAKIB | E14: N4
A16: 45990 | B16: ANISUR JAMAN | C16: 01894-804951
A17: 45990 | B17: MD ABDUL JABBOR | C17: 01957-969126
B19: suma paul | C19: 01622-993120 | D19: new batch
A20: 46002 | B20: Ridul | C20: 01815-471090 | D20: jabed | E20: 3
B21: SHAKIL VAI | C21: 01970-016544
B22: SHAKIL VAI | C22: 01608-068552
A24: 46014 | B24: MD OPU | C24: 01974-555483 | D24: COMPUTER DOKAN
A25: 46014 | B25: DIN MOHAMOD | C25: 01915-155555 | D25: COMPUTER DOKAN
B26: SHAKIL VAI | C26: 01609-728911
B27: SHAKIL VAI | C27: 014049-38126
B28: SHAKIL VAI | C28: 016400-46781
B29: SHAKIL VAI | C29: 01714-394866
B30: SHAKIL VAI | C30: 016080-68552
B34: SABBIR AHMED | C34: 01630-107374
B35: MEHRAB | C35: 01768-211968 | D35: rakib
B36: MD AWLAD HOSSAIN | C36: 01799-300800
B37: TARIF | C37: 01760-127998
B38: SUSMITA AKTER EVA | C38: 01991-464360
B39: OMIT | C39: 01963-605906
B40: RASEDUL ISLAM | C40: 01821-665275
A42: 25/02/2026 | B42: MD SELIM | C42: 01796-409850
A43: 25/02/2026 | B43: MD FERDOS | C43: 01586-090181
A44: 28/02/2027 | B44: jahid | C44: 01612-061037 | D44: N4
A45: 28/02/2027 | B45: puspa | C45: 01955-104800
A46: 28/02/2027 | B46: samid | C46: 01873-181302
A47: 28/02/2027 | B47: sagor | C47: 01790-375455 | D47: N4
A49: 30/02/2027 | B49: EMON | C49: 01754-634951 | D49: N5 | E49: RAKIB

Sheet MASSIVE 24A 
A1: MASSIVE 24A
A2: Course Duration: | F2: Course Status : Complete
A3: SL NO. | B3: Student Name | C3: Student ID | D3: Mobile Number | E3: Guardian Number | F3: Date Of Birth | G3: Guarantor | H3: Relationship With Guarantor | I3: COMMENT
A4: 1 | B4: MD YEAHIA KHAN ZIHAD | C4: 155 | D4: 01732-821850 | E4: 01676-508815 | F4: 27/08/2005
A5: 2 | B5: NIYAZ MORSHED | C5: 173 | D5: 01854-043818 | E5: 01816-335423 | F5: 31/08/2003
A6: 3 | B6: MOINUL HASAN | C6: 165 | D6: 01867-072375 | E6: 01816-335423 | F6: 31/08/2003
A7: 4 | B7: MD ASIQUJJMAN TAMIM | C7: 167 | D7: 01818-093643 | E7: 01711-271062 | F7: 20/02/2003
A8: 5 | B8: MEHEDI HASAN | C8: 170 | D8: 01628-357219 | E8: 01761-865845 | F8: 14/08/2005
A9: 6 | B9: MD ABU ZAFAR | C9: 168 | D9: 01326-241930 | E9: 01816-572569 | F9: 33604
A10: 7 | B10: MD ABUL ALIM | C10: 203 | D10: 01850-405109 | E10: 01735-956866 | F10: 38450
A11: 8 | B11: MD ZAHADUR RAHMAN | C11: 232 | D11: 01937-171494 | F11: 16/12/1982
A12: 9 | B12: MD SAHADAT HOSSAIN | C12: 154 | D12: 01401-452420 | E12: 018622-89200 | F12: 15/06/2005
A13: 10 | B13: ARMAN HOSSAIN SHEIKH | C13: 181 | D13: 01796-589722 | E13: 01315-334552 | F13: 20/12/2004
A14: 11 | B14: SIMU HOSSAIN | C14: 182 | D14: 01732-805995 | E14: 01732-805995 | F14: 17/07/2003
A15: 12 | B15: ARIF JAMAN | C15: 174 | D15: 01402-815649 | E15: 01622-993487 | F15: 25/12/2002
A16: 13 | B16: HASIBUL ALOM RAPTY | C16: N/A | D16: 01990-290405 | E16: 01683-871353 | F16: 38751
A17: 14 | B17: KISHARA KIBRIA RIYA | C17: 202 | D17: 01312-625945 | E17: 01913-419496 | F17: 22/09/2003
A18: 15 | B18: HABIBUL SHIMANTO | C18: 172 | D18: 01860-020671 | E18: 01628-808591 | F18: 37748
A19: 16 | B19: FARHAN KHAN SUVO | C19: 169 | D19: 01916-927676 | E19: 01758-100992 | F19: 33641
A20: 17 | B20: JABED HOSAIN | C20: 180 | D20: 01815-682829 | E20: 01935-827859 | F20: 37233
A21: 18 | B21: MST NUSRAT JAHAN NEELA | C21: n/a | D21: 01987-031668 | E21: 01912-834664 | F21: 37593
A22: 19 | B22: MD EBRAHIM HASAN | C22: 183 | D22: 01608-876825 | E22: 01608-876825
A23: 20 | B23: MD SHAHJALAL | C23: 189 | D23: 01883-543069 | F23: 17/10/2005
A24: 21 | B24: KAMRUNA AKTER | C24: 185 | D24: 01961-686060 | E24: 01731-302196 | F24: 25/02/2003
A25: 22 | B25: RIDOY | C25: N/A | E25: 01731-302196 | F25: 39908
A26: 23 | B26: EHSANUL BARI | C26: 184 | D26: 01921-458135 | E26: 01957-007394 | F26: 38355
A27: 24 | B27: SUNJIDA NAHAR SHUMIYA | C27: 186 | D27: 01730-845444 | E27: 01730-845444 | F27: 20/06/1999
A28: 25 | B28: MD AHANAF ADIL | C28: 179 | D28: 01978-349007 | F28: 28/02/2007
A29: 26 | B29: JESAN KHAN | C29: 205 | D29: 01764-299473 | E29: 01716-025629 | F29: 24/09/2006
A30: 27 | B30: JAMAL MIAH | C30: 161 | D30: 01705-287924 | E30: 01862-274133 | F30: 28/05/2003
A31: 28 | B31: Rifat Foraji | C31: 204 | D31: 01779-38885 | E31: 01721-068412 | F31: 06/09/2002

Sheet MASSIVE  24B
A1: MASSIVE 24B
A2: Course Duration | F2: Course Status : Complete
A3: SL NO. | B3: Student Name | C3: STUDENT ID | D3: Mobile Number | E3: Guardian Number | F3: Date Of Birth | G3: Guarantor | H3: Relationship With Guarantor | I3: COMMENT
A4: 1 | B4: SUVRA MALAKER | C4: 171 | D4: 01674-470243 | E4: 01521-216898 | F4: 18/09/1990
A5: 2 | B5: MD AFNAN HOSEN ALIF | C5: 156 | D5: 01303-844242 | E5: 01303-844242 | F5: 21/01/2003
A6: 3 | B6: JAHURA AKTER | C6: 158 | E6: 01720-234626 | F6: 15/01/2007
A7: 4 | B7: MD ARIF MIAH | C7: 129 | D7: 01619-745810 | E7: 01887-403519 | F7: 31/12/2002
A8: 5 | B8: MEHADI HASAN | C8: 130 | D8: 01705-062132 | E8: 01571-425749 | F8: 36561
A9: 6 | B9: MD KAMRUL ISLAM ASHIK | C9: 131 | D9: 01840-520260 | E9: 01516-789519 | F9: 15/04/1996
A10: 7 | B10: MD ALAUDDIN | C10: 133 | D10: 01995-072029 | E10: 01886-347582 | F10: 17/05/2002
A11: 8 | B11: KAWSER AHAMED | C11: 134 | D11: 01887-397509 | E11: 01644-352805 | F11: 14/12/2003
A12: 9 | B12: MAHABUB HASAN SHUVO | C12: 147 | D12: 01842-115268 | E12: 01720-044163 | F12: 27/11/204
A13: 10 | B13: JANNAT FATEMA | C13: 141 | D13: 01762-404885 | E13: 01762-404885 | F13: 26/07/1997
A14: 11 | B14: SURAIYA AHMED | C14: 142 | D14: 01712-331187 | F14: 17/09/1996
A15: 12 | B15: SHEIKH SEAMUR RAHMAN NIBIR | C15: 140 | D15: 01639-566941 | E15: 01301-483707 | F15: 37419
A16: 13 | B16: RIFAT ISLAM APURBO | C16: 139 | D16: 01836-813717 | E16: 01945-199316 | F16: 37357
A17: 14 | B17: AKTER HOSSAIN | C17: 138 | D17: 01568-477334 | E17: 01568-477339 | F17: 39663
A18: 15 | B18: ROKEYA HOSSAIN | C18: 144 | D18: 01994-685177 | E18: 01710-149544 | F18: 36102
A19: 16 | B19: JANNATUL FERDOUS PAYEL | C19: 135 | D19: 01537-309614 | E19: 01712-988967 | F19: 19/02/2004
A20: 17 | B20: RAHAT HOSASIN | C20: 149 | D20: 01701-023059 | E20: 01712-643903 | F20: 24/07/1998
A21: 18 | B21: SURMA AKTER | C21: 137 | D21: 01994-897008 | E21: 01914-020262 | F21: 37258
A22: 19 | B22: MD MAHBUBUR RAHMAN RIFAT | C22: 124 | D22: 01762-529307 | F22: 24/01/2002
A23: 20 | B23: ISMAIL | C23: 132 | D23: 01810-864000 | E23: 01734-452122 | F23: 36526
A24: 21 | B24: MDD FAISAL | C24: 126 | D24: 01683-243468 | F24: 26/10/1999
A25: 22 | B25: RAYSUL AHMED BAPON | C25: 145 | D25: 01812-696836 | E25: 01795-186061 | F25: 29/08/2006
A26: 23 | B26: MD RAYHAN | C26: 151 | D26: 01815-256701 | E26: 01924-936245 | F26: 25/12/1999
A27: 24 | B27: SAMSUN NAHAR TAMIM | C27: 148 | D27: 01580-850198 | E27: 01963-088014 | F27: 36199
A28: 25 | B28: MD ZUBAYER AHMED | C28: 152 | D28: 01639-145662 | E28: 01711-694854 | F28: 36862
A29: 26 | B29: RUBEL | C29: 152 | D29: 01866-105368 | E29: 01986-90738 | F29: 34003
A30: 27 | B30: MD SHUAYEEB HOSSAIN | C30: 118 | D30: 01787-401109 | E30: 01749-504389 | F30: 38322
A31: 28 | B31: MD MORSALIN | C31: 117 | D31: 01625-266066 | E31: 01911-331538 | F31: 23/12/2003
A32: 29 | B32: FAHMIDA SUBNAM PRITY | C32: 119 | D32: 01614-415012 | F32: 25/05/2005
A33: 30 | B33: MD ADNAN AHMED | C33: 120 | D33: 01885-576261 | E33: 01718-203491 | F33: 37322
A34: 31 | B34: PRIYA AKTER MOU | C34: 109 | D34: 01676-627798 | E34: 01689-075790 | F34: 35613
A35: 32 | B35: HAJERA AKTER | C35: 108 | D35: 01879-877425 | E35: 01882-891472 | F35: 33271

Sheet MASSIVE  25A
A1: MASSIVE 25A
A2: Course Duration: | F2: Course Status : Complete
A3: SL NO. | B3: Student Name | C3: STUDENT ID | D3: Mobile Number | E3: Guardian Number | F3: Date Of Birth | G3: Guarantor | H3: Relationship With Guarantor | I3: COMMENT
A4: 1 | B4: Nazmul Hasan | C4: 190 | D4: 1841561838 | E4: 1724761838 | F4: 38232
A5: 2 | B5: Sumaiya Arefin Sumu | C5: 193 | D5: 1784883491 | E5: 1711663693 | F5: 38477
A6: 3 | B6: Tanvir Hsosen | C6: 195 | D6: 1407713344 | E6: 1742566344 | F6: 38170
A7: 4 | B7: Golam Rabbi Akash | C7: 25109 | D7: 1743606008 | E7: 1742566344 | F7: 27/09/1999
A8: 5 | B8: Md Miraj | C8: 197 | D8: 1611114494 | E8: 1978488787 | F8: 35920
A9: 6 | B9: Nasrin Akter Lima | C9: 194 | D9: 1841827218 | E9: 1712727217 | F9: 38332

Sheet MASSIVE 25B
A1: MASSIVE 25B
A2: Course Duration: | F2: Course Status : Complete
A3: SL NO. | B3: Student Name | C3: STUDENT ID | D3: Mobile Number | E3: Guardian Number | F3: Date Of Birth | G3: Guarantor | H3: Relationship With Guarantor | I3: COMMENT
A4: 1 | B4: Jubaer Abdullah Saad | C4: 214 | D4: 1792252125 | E4: 1914197796 | F4: 22/09/1997
A5: 2 | B5: Shahriara Abdullah Shihab | C5: 213 | D5: 1707764197 | E5: 1914197796 | F5: 24/04/1994
A6: 3 | B6: Hasibul Hasan Hasib | C6: 211 | D6: 1997735946 | E6: 1719050659 | F6: 31/12/2004
A7: 4 | B7: Riyad Khandaker | C7: 210 | D7: 1639440531 | E7: 1837458138 | F7: 37447
A8: 5 | B8: Shagor Mondol | C8: 208 | D8: 1884338224 | F8: 14/08/2004
A9: 6 | B9: Tamim Visty | C9: 199 | D9: 1810514924 | E9: 1408698780 | F9: 31/12/2005
A10: 7 | B10: Md. Azizul Hakim | C10: 198 | D10: 1772847587 | E10: 1761741406 | F10: 25/11/1999
A11: 8 | B11: Abdullah | C11: 226 | D11: 1893797917 | E11: 1793797917 | F11: 37623

Sheet MASSIVE 25C
A1: Massive 25C দুপুর 12:20 থেকে 2:20 (শনি- সোম- বুধ)
A2: Course Duration: 1 May - Oct 30 | F2: Course Status : Complete
A3: SL NO. | B3: Student Name | C3: Student ID | D3: Mobile Number | E3: Guardian Number | F3: Date Of Birth | G3: Guarantor | H3: Relationship With Guarantor | I3: COMMENT
A4: 1 | B4: Md Zehadur Rahman | C4: 25103 | D4: 01676-099009 | E4: 01735-120196 | F4: 31783
A5: 2 | B5: Md.Yeasin | C5: 25106 | D5: 01874-783398 | E5: 0130-4366941 | F5: 35704
A6: 3 | B6: Tahamida Islam | C6: 25113 | D6: 01992-302780 | E6: 01715-711748 | F6: 17/05/2003
A7: 4 | B7: Sohanur Rahman Sohag | C7: 25114 | D7: 01571-028361 | E7: 01874-310361 | F7: 21/10/2000
A8: 5 | B8: Minhajul Abedin Sihab | C8: 25115 | D8: 01310-561280 | E8: 01720-677381 | F8: 21/01/2003
A9: 6 | B9: Afroza Akter Ria | C9: 143 | D9: 01757-501979 | E9: 01711-248541 | F9: 28/12/2003
A10: 7 | B10: Mahinur Ahmed | C10: 25140 | D10: 01903-557838 | E10: 01755-593815 | F10: 38931
A11: 8 | B11: Tabassum Jidni Shoha | D11: 01825-401806 | E11: 01825-340824 | F11: 30/03/2009
A12: 9 | B12: Faeria Akter Eva | C12: 25116 | D12: 01860-972133 | E12: 01857-308825 | F12: 29/09/2001
A13: 10 | B13: Tonmoy Mollik | C13: 25155 | D13: 01856-666518 | F13: 25/12/2001
A14: 11 | B14: Md Omar Faruk | C14: 25130 | D14: 01311-462754 | F14: 26/01/2004
A15: 12 | B15: Hasibul Hasan Hasib | C15: 211 | D15: 01997-735946 | E15: 01719-050659 | F15: 31/12/2004
A16: 13 | B16: Niyaz Morshed | C16: 173 | D16: 01854-043818 | E16: 01816-335423 | F16: 31/08/2003
A17: 14 | B17: Yousuf
A18: 15 | B18: Riad
A19: 16 | B19: Jarin Moni | C19: 25110 | D19: 01792-480988 | E19: 01777-755327 | F19: 37932
A20: 17 | B20: Zihad
A21: 18 | B21: Sumu
A22: 19 | B22: Chauty Akter | C22: 25104 | D22: 01940-299971 | E22: 01937-077291 | F22: 36652
A23: 20 | B23: Jony Jon Rozario | C23: 25105 | D23: 01752-877522 | E23: 01941-308726 | F23: 29439
A24: 21 | B24: Md Alamin Islam | C24: 25107 | D24: 01932-784978 | F24: 35708
A25: 22 | B25: Md Arif Hossain | C25: 25112 | E25: 01906-066894 | F25: 14/01/2003
A26: 23 | B26: Shak Md Rahin | C26: 25139 | D26: 01720-385466 | E26: 01944-436802 | F26: 26/05/2003
A27: 24 | B27: Md Arafat | C27: 25108 | D27: 01642-584573 | E27: 01689-001606 | F27: 39302
A28: 25 | B28: Anamul Haque Anan | C28: 25101 | D28: 01930-046355 | E28: 01922-093346 | F28: 19/05/1999
A29: 26 | B29: Md Ali Hasan | C29: 25102 | D29: 01997-644347 | E29: 01638-622424 | F29: 38693

Sheet MASSIVE 25F সন্ধ্যাকালীন 
A1: MASSIVE 25F সকাল ১০টা থেকে ১২টা (শনি- সোম- বুধ)
A2: Course Duration: 5 JULY 25 - 31 DEC 25 | F2: Course Status : Complete
A3: SL NO. | B3: Student Name | C3: Student ID | D3: Mobile Number | E3: Guardian Number | F3: Date Of Birth | G3: BLOOD GROUP | H3: Relationship With Guarantor | I3: COMMENT
A4: 1 | B4: RAYHAN KHAN | C4: 25127 | D4: 01973-679741 | E4: 01758-490722 | F4: 38474
A5: 2 | B5: MD SIHAB | C5: 25129 | D5: 01316-316822 | E5: 01724-818179 | F5: 403382 | G5: A+
A6: 3 | B6: MAHADI HASAN FARDIN | C6: 25131 | D6: 01622-788915 | E6: 01622-788915 | F6: 24/7/2006 | G6: O+
A7: 4 | B7: MD MAMUN HOSSAIN | C7: 25132 | D7: 01912-863688 | F7: 24/08/1989 | G7: O+
A8: 5 | B8: RAYHAN HOSSAIN | C8: 25133 | D8: 01840-504083 | F8: 35859 | G8: O+
A9: 6 | B9: MD TOPIBUL RAHMAN | C9: 25134 | D9: 01329-521365 | E9: 01329-521365 | F9: 17/07/1995 | G9: O+
A10: 7 | B10: SOJOL CONDRO DAS | C10: 25138 | D10: 016411-45453
A11: 8 | B11: MD MAHABUB ELAHI | C11: 217 | D11: 01301-696712 | E11: 01715-302880 | F11: 13/08/1998
A12: 9 | B12: HOSSAIN ALI | C12: 25141 | D12: 01673-958244 | F12: 33271 | G12: A+
A13: 10 | B13: MD MIRAZ KHAN | C13: 25150 | D13: 01623-326052 | F13: 13/03/2003 | G13: O+
A14: 11 | B14: RIFAT HOSSAIN | C14: 25194 | D14: 01518-405331 | E14: 01718-707710 | F14: 37016 | G14: A+
A15: 12 | B15: MD MIRAJ | C15: 25160 | D15: 01788-999180 | E15: 01973-899180 | F15: 37912
A16: 13 | B16: SULTAN AHMED | C16: 25177 | D16: 01918-692172 | G16: O+
A17: 14 | B17: ISHAQUE JAHAN SOIKAT | C17: 25185 | D17: 01629-802488 | E17: 01830-938388 | F17: 36525 | G17: B+

Sheet MASSIVE  25D
A1: Massive 25D (রবি, মঙ্গল, বৃহস্পতি :সকাল 10 টা থেকে 12টা)
A2: Course Duration: | F2: Course Status : Complete
A3: SL NO. | B3: Student Name | C3: Student ID | D3: Mobile Number | E3: Guardian Number | F3: Date Of Birth | G3: Guarantor | H3: Relationship With Guarantor | I3: COMMENT
A4: 1 | B4: MD.ELIAS AKBOR | C4: 219 | D4: 01911-682069 | E4: 1676201013 | F4: 13/06/1987
A5: 2 | B5: ABIR MAHAMUD | C5: 218 | D5: 01767-452555 | E5: 1767452555
A6: 3 | B6: MD.JUNAYED GONII | C6: 220 | D6: 1639141041 | F6: 15/04/2000
A7: 4 | B7: MD. ASHIK | C7: 224 | D7: 1795533444 | F7: 23/3/1999
A8: 5 | B8: MD.ASADOZZAMAN SADIR | C8: 221 | D8: 1614935456 | E8: 1765834473 | F8: 39393
A9: 6 | B9: NAHID | C9: 222 | D9: 1906959935 | F9: 14/04/1997
A10: 7 | B10: MD BADRUL ALOM SORON | C10: 225 | D10: 1681232525 | F10: 22/11/1995
A11: 8 | B11: LAMIA AKTER MIM | C11: 235 | D11: 01979-109557 | F11: 17/10/2004
A12: 9 | B12: RIFAT HASAN | C12: 230 | D12: 01537-552123 | E12: 01540-781588 | F12: 38819
A13: 10 | B13: MD.IKHTIYAR HOSEN | C13: 223 | D13: 01609-731308 | F13: 36623

Sheet MASSIVE 25E
A1: Massive 24E দুপুর 12:20 থেকে 2:20 (রবি, মঙ্গল, বৃহস্পতি)
A2: Course Duration: 20 JUNE - 20 DEC 2025 | F2: Course Status : Complete
A3: SL NO. | B3: Student Name | C3: Student ID | D3: Mobile Number | E3: Guardian Number | F3: Date Of Birth | G3: blood group | H3: Guarantor | I3: Relationship With Guarantor | J3: COMMENT
A4: 1 | B4: MD MUFIDUL ISLAM NILOY | C4: 25117 | D4: 01886-320981 | E4: 01681-010533 | F4: 23/12/1999 | G4: A+
A5: 2 | B5: MD MONTASIR RAHMAN | C5: 25118 | D5: 01828-976616 | E5: 01759-129011 | F5: 30/11/2000 | G5: B+
A6: 3 | B6: RIFAT HASAN | C6: 230 | D6: 01537-552123 | E6: 01540-781588 | F6: 38819 | G6: B+
A7: 4 | B7: ANIKA DEWAN | C7: 25120 | D7: 01846-117102 | E7: 01301-054934 | F7: 37441 | G7: B+
A8: 5 | B8: MD MAHADI HASAN | C8: 0 | D8: 01533-465601 | F8: 19/2/2007 | G8: B+
A9: 6 | B9: HASAN Cokder | C9: 25125 | D9: 01622-140141 | E9: 01877-811672 | F9: 28/09/1993
A10: 7 | B10: EIFTI AHMED | C10: 25119 | D10: 01875-318465 | E10: 01868-531499 | F10: 15/11/2000
A11: 8 | B11: MD SHARIR HOSSEN | D11: 01643-711825 | E11: 01714-451783 | F11: 36526
A12: 9 | B12: AMINUL ISLAM JISUN | C12: 25126 | D12: 01758-034945 | E12: 0171954-0296 | F12: 38475
A13: 10 | B13: KOUSIK MITRA | C13: 25128 | D13: 0130-5498009 | E13: 01712-741310 | F13: 38904
A14: 11 | B14: ISTIAK AHMED | C14: 25121 | D14: 01915-151185 | F14: 20/12/2009
A15: 12 | B15: MD MURAD HASAN | C15: 25122 | D15: 01772-320036 | E15: 01929-082894 | F15: 39814
A16: 13 | B16: BM SAAMIR | C16: 25123 | D16: 01782-220275 | E16: 01930-254509 | F16: 40391

Sheet MASSIVE 25G
A1: MASSIVE 25G সকাল ১০টা থেকে ১২টা (শনি- সোম- বুধ)
A2: Course Duration: (27 JULY 2025 - 30 JAN 2026) | H2: Course Status : Complete
A3: SL NO. | B3: BOOK | C3: Student Name | D3: Student ID | E3: Mobile Number | F3: Guardian Number | G3: BLOOD GROUP | H3: Date Of Birth | I3: Guarantor | J3: Relationship with Guarantor | K3: Comment
A4: 1 | B4: OK | C4: MD NAIM KHAN | D4: 25148 | E4: 01629-787994 | F4: 01829-268803 | H4: 18/10/2001
A5: 2 | B5: OK | C5: MD TOUFIK AHMED | D5: 25147 | E5: 01339-633559 | F5: 01675-551262 | G5: AB+ | H5: 26/09/2004
A6: 3 | B6: OK | C6: AL SHAHRIA | D6: 25145 | E6: 01560-015620 | F6: 01745-394026 | G6: O+ | H6: 31/05/2005 | I6: 200 taka
A7: 4 | B7: OK | C7: RASEDUL ISLAM TUSHAR | D7: 25144 | E7: 01798-048367 | F7: 01789-262371 | G7: A- | H7: 21/12/1993
A8: 5 | B8: OK | C8: MD MARUF HOSSAIN SIAM | D8: 25137 | E8: 01984-348666 | F8: 01581-227286 | G8: A+ | H8: 14/04/2001 | I8: 200 taka
A9: 6 | B9: OK | C9: AL JUBAIR | D9: 25153 | E9: 01873-652079 | F9: 01823-417527 | G9: O+ | H9: 37408 | I9: 200 taka
A10: 7 | B10: OK | C10: MD.SADDAM HOSSAIN | D10: 25152 | E10: 01734-812609 | F10: 01855-340041 | G10: A+ | H10: 37622 | I10: 200 taka
A11: 8 | B11: OK | C11: SHANTO MOLLIK | D11: 25154 | E11: 01872-316793 | G11: O+ | H11: 36654
A12: 9 | B12: OK | C12: MUSFIQUR MAHMUD | D12: 25162 | E12: 01788-444277 | F12: 01818-459512 | G12: AB+ | H12: 39727
A13: 10 | B13: OK | C13: SIAM DEWAN | D13: 25156 | E13: 01866-449803 | H13: 26/08/2007 | I13: 200 taka
A14: 11 | B14: OK | C14: ANAMUL HASAN SABBIR | D14: 25159 | E14: 01828-023752 | F14: 01843-168007 | G14: O+ | H14: 25/04/2005 | I14: 200 taka
A15: 12 | B15: OK | C15: PRONOB KUMAR DAS | D15: 25157 | E15: 01951-300381 | F15: 01792-160685 | H15: 16/02/2001
A16: 13 | B16: OK | C16: SAMINUL ISLAM SHIMUL | D16: 25195 | E16: 01739-508577 | F16: 01879-348008 | G16: B+ | H16: 25/07/2006 | I16: 200 taka
A17: 14 | B17: OK | C17: RAYHAN MIAH | D17: 25184 | E17: 01568-531847 | F17: 01581-860242 | G17: A+ | H17: 37899 | I17: 200 taka
A18: 15 | B18: OK | C18: YEAMIN SEHRIABAT | D18: 25158 | E18: 01828-960337 | F18: 96598523956 | G18: A+ | H18: 37987
A19: 16 | B19: OK | C19: MD MUFIDUL ISLAM NILOY | D19: 25117 | E19: 01886-320981 | F19: 01681-010533 | G19: B+ | H19: 23/12/1999
A20: 17 | B20: OK | C20: MD MONTASIR RAHMAN | D20: 25118 | E20: 01828-976616 | F20: 01759-129011 | G20: B+ | H20: 30/11/2000
A21: 18 | B21: OK | C21: RIFAT HASAN | D21: 230 | E21: 01537-552123 | F21: 01540-781588 | G21: B+ | H21: 38819
A22: 19 | B22: OK | C22: ANIKA DEWAN | D22: 25120 | E22: 01846-117102 | F22: 01301-054934 | G22: B+ | H22: 37441
A23: 20 | B23: OK | C23: MD MAHADI HASAN | D23: 0 | E23: 01533-465601 | H23: 19/2/2007
A24: 21 | B24: OK | C24: MUNNI AKTER | D24: 25151 | E24: 01904-678823 | F24: 01999-952793 | H24: 20/01/2000

Sheet MASSIVE 25H
A1: MASSIVE 25H বিকাল ৩টা থেকে ৫টা (শনি- সোম- বুধ)
A2: Course Duration: (20 AUG 2025 - 31 FEB 2026) | G2: Course Status : Complete
A3: SL NO. | B3: BOOK | C3: Student Name | D3: Student ID | E3: Mobile Number | F3: Guardian Number | G3: Blood Group | H3: Date Of Birth | I3: Guarantor | J3: Relationship with Guarantor | K3: Comment
A4: 1 | C4: KAWSHAR HASAN SUMIT | D4: 25161 | E4: 01300-774779 | F4: 01778-226707 | G4: B+ | H4: 24/04/2004
A5: 2 | C5: MD KAWSER HOSSAIN | D5: 25163 | E5: 01766-278131 | F5: 01763-711911 | G5: A+ | H5: 37744
A6: 3 | C6: ARAF SIMANTO MRIDUL | D6: 25164 | E6: 01811-441558 | F6: 01725-775775 | G6: O+ | H6: 38847
A7: 4 | C7: SHARIMIN NAHAR | D7: 25165 | E7: 01745-729831 | F7: 01711-782996 | G7: B+ | H7: 34828
A8: 5 | C8: MD ZAHIDUL ISLAM | D8: 25166 | E8: 01790-743935 | F8: 01711-474921 | G8: O+ | H8: 16/08/2000
A9: 6 | C9: SADIA ISLAM MIM | D9: 25169 | E9: 01300-774575 | F9: 01920-945892 | G9: A+ | H9: 36164
A10: 7 | C10: MD NAJMUS SAKIB | D10: 25170 | E10: 01627-912464 | F10: 01712-605976 | G10: AB+ | H10: 16/11/1999
A11: 8 | C11: MD JUBAER HOSSAIN | D11: 25171 | E11: 01978-705578 | F11: 01715-050334 | G11: A+ | H11: 39060
A12: 9 | C12: MD MIDUL ISLAM | D12: 25172 | E12: 01782-486851 | F12: 01728-161650 | G12: A+ | H12: 36872
A13: 10 | C13: NUSRAT JAHAN | D13: 25173 | E13: 01623-874454 | F13: 01614-937695 | G13: B+ | H13: 28/09/2007
A14: 11 | C14: SANJIDUR RAHMAN | D14: 25146 | E14: 01877-681497 | F14: 01923-435458 | G14: O+ | H14: 39237
A15: 12 | C15: BILLAL HOSSAIN SHUVO | D15: 25143 | E15: 01684-018734 | F15: 01817-113913 | H15: 24/10/1994
A16: 13 | C16: ABDULLAH SARKER OVI | D16: 25175 | E16: 01939-988433 | F16: 01827-565646 | G16: B+ | H16: 24/06/2006
A17: 14 | C17: ABDUR RAHMAN | D17: 25176 | E17: 01977-719584 | G17: 0+ | H17: 13/11/2007
A18: 15 | C18: HASIBUL ALOM RAPTY | D18: 25182 | E18: 01992-090405 | F18: 01606-515053 | G18: A+ | H18: 38751
A19: 16 | C19: NABIL AHAMED | D19: 25124 | E19: 01797-459607 | F19: 01712-254957 | G19: o+ | H19: 30/11/2007
A20: 17 | C20: MD MOHIBULLAH RIYAD | D20: 25167 | E20: 01798-837178 | F20: 01711-474921 | G20: B+ | H20: 37110
A21: 18 | C21: ISMAIL HOSSAIN RAFIN | D21: 25168 | E21: 01977-435967 | F21: 01717-435969 | H21: 15/12/2008
A22: 19 | C22: MD ALAMIN | D22: 25174 | E22: 01911-603824 | F22: 01712-063936 | G22: O+ | H22: 35065
A23: 20 | C23: MD PARVEJ | E23: 01893-765596 | G23: O+ | H23: 37980 | I23: JUBAYER VAI

Sheet MASSIVE 25J
A1: MASSIVE 25J সকাল ১০টা থেকে ১২টা (রবি, মঙ্গল, বৃহস্পতি)
A2: Course Duration: 14/09/25- 14/03/26 | G2: Course Status : COMPLETE
A3: SL NO. | B3: Student Name | C3: BOOK | D3: Student ID | E3: Mobile Number | F3: Guardian Number | G3: Date Of Birth | H3: Guarantor | I3: BLOOD GROUP | J3: Relationship With Guarantor | K3: COMMENT
A4: 1 | B4: SHAHADAT HOSSAIN DIPU | D4: 25178 | E4: 01925-286832 | F4: 01905-085910 | I4: O+
A5: 2 | B5: KHADIZA | D5: 25179 | E5: 01920-854042 | F5: 01920-854042 | G5: 23/10/2004
A6: 3
A7: 4 | B7: MD ABDUL MANNAN | D7: 25186 | E7: 01914-878400 | F7: 01916-042621 | G7: 14/06/1987 | I7: A-
A8: 5 | B8: MD NAYMUL ISLAM | D8: 25187 | E8: 01827-820017 | F8: 01827-820017 | G8: 19/07/2007 | I8: A+
A9: 6 | B9: RAMIM AKTER | D9: 25188 | E9: 01742-740084 | F9: 01344-403427 | G9: 36351 | I9: O+
A10: 7 | B10: MD NOBIN | D10: 25180 | E10: 01886-685229 | F10: 01629-165254 | G10: 19/11/2006
A11: 8 | B11: MD SHAWON | D11: 25189 | E11: 01400-990381 | F11: 01712-870750 | G11: 36225 | I11: AB+
A12: 9 | B12: ABDULLAH AL SAJIB | D12: 25190 | E12: 01836-645626 | G12: 35431 | I12: B+
A13: 10 | B13: MD EMON | D13: 25193 | E13: 01818-086458 | F13: 01621-088691 | G13: 37538 | I13: O-
A14: 11 | B14: KOUSIK MITRA | D14: 25128 | E14: 0130-5498009 | F14: 01712-741310 | G14: 38904 | I14: B+
A15: 12 | B15: MD FARDIN | D15: 25192 | E15: 01862-113786 | G15: 38089
A16: 13 | B16: SIAM AHMED AZIM | D16: 25191 | E16: 01731-843407 | F16: 01968-420819 | G16: 26/08/2005 | I16: AB+
A17: 14 | B17: ISHAQUE JAHAN SAIKAT | D17: 25185 | E17: 01629-802488 | F17: 01830-938388 | G17: 31/12/1999 | I17: B+
A18: 15 | B18: NAOMI KABIR | D18: 25218 | E18: 01627-330756 | F18: 01727-798779 | G18: 18/11/2004 | I18: A+
A19: 16
A20: 17
A21: 18
A22: 19

Sheet MASSIVE 25K
A1: MASSIVE 25K দুপুর ৩টা থেকে ৫টা (রবি, মঙ্গল, বৃহস্পতি)
A2: Course Duration: 21/10/25- 21/05/26 | F2: Course Status : COMPLETE
A3: SL NO. | B3: Student ID | C3: Student Name | D3: Mobile Number | E3: Guardian Number | F3: Date Of Birth | G3: BLOOD GROUP | H3: Guarantor | I3: Relationship With Guarantor | J3: COMMENT
A4: 1 | B4: 25197 | C4: Rabbi Mia | D4: 01860-526566 | E4: 01766-078688 | F4: 38852
A5: 2 | B5: 25199 | C5: Julian Leon Baroi | D5: 01533-931417 | E5: 01756-866761/0137281719 | F5: 38574 | G5: B+
A6: 3 | B6: 25200 | C6: Md Kashfim Dewan | D6: 01956-397723 | E6: 01733-509688 | F6: 38935 | G6: AB+
A7: 4 | B7: 25205 | C7: Imtiaz Ahamed | D7: 01312-363631 | E7: 01540-110836 | F7: 37805 | G7: O+
A8: 5 | B8: 25206 | C8: Dip Roy | D8: 01749-387312 | E8: 01983-467220 | F8: 39387
A9: 6 | B9: 25207 | C9: Amitosh Mondal | D9: 01707-647084 | F9: 34618 | G9: AB+
A10: 7 | B10: 25208 | C10: Mst Anika | D10: 01779-063625 | E10: 01623-828327 | F10: 37982 | G10: O+
A11: 8 | B11: 25209 | C11: Md Tuhin Sarkar | D11: 01825-954506 | E11: 01571-028361 | F11: 37622
A12: 9 | B12: 25210 | C12: Rubaya Sultana Rumana | D12: 01760-877543 | E12: 01733-716077 | F12: 36838 | G12: B+
A13: 10 | B13: 25211 | C13: Md Easin Sonnamat | D13: 019925-59028 | E13: 01718-054018 | F13: 39114
A14: 11 | B14: 25212 | C14: Foysal Ahmed | D14: 01766-952913 | E14: 01727-963314 | F14: 38069
A15: 12 | B15: 25213 | C15: Md Tanvir Bhuiyan | D15: 01783-373127 | E15: 01813-607411 | F15: 39037 | G15: O+
A16: 13 | B16: 25214 | C16: Salma Akter | D16: 01951-640366 | E16: 01718-309320 | F16: 38247 | G16: B+
A17: 14 | B17: 25215 | C17: Angon Sarkar | D17: 01530-074774 | E17: 01988-164878 | F17: 39142 | G17: A+
A18: 15 | B18: 25216 | C18: Yead Hasan | D18: 01306-427452 | E18: 01915-8449778 | F18: 37897 | G18: O+
A19: 16 | B19: 25217 | C19: Md Easin | D19: 01717-941739 | F19: 38710 | G19: B+
A20: 17 | B20: 25230 | C20: Sadia Islam | D20: 01876-519488 | E20: 01727-749966 | F20: 39761 | G20: A+
A21: 18 | B21: 25231 | C21: Boishakhi Akter | D21: 01969-023576 | E21: 01772-298186 | F21: 39492 | G21: A+
A22: 19
A23: 20

Sheet MJLI-12
A1: MJLI-12 সকাল ১২টা থেকে ২টা (রবি, মঙ্গল, বৃহস্পতি)
A2: Course Duration: 25/11/25- 25/04/26 | F2: Course Status : COMPLETE
A3: SL NO. | B3: Student ID | C3: Student NAME | D3: Mobile Number | E3: Guardian Number | F3: Date Of Birth | G3: BLOOD GROUP | H3: Relationship With Guarantor | I3: COMMENT
A4: 1 | B4: 25221 | C4: MD ASHRAFUL | D4: 01787-108095 | E4: 01787-108095 | F4: 38888 | G4: A+
A5: 3 | B5: 25226 | C5: AYON SAHA | D5: 01647-148607 | E5: 01725-770875 | F5: 38492 | G5: A+
A6: 4 | B6: 25228 | C6: MORSALIN SHEIKH | D6: 01328-237431 | E6: 01595-057239 | F6: 39084 | G6: A+
A7: 5 | B7: 25229 | C7: RIFAT HOSSEN | D7: 01735-472206 | E7: 01724-778279 | F7: 37742 | G7: O+
A8: 6 | B8: 25181 | C8: MD JUNAYED HOSSAIN OMI | D8: 01302-601415 | E8: 01302-601415 | F8: 24/01/2007 | G8: B+
A9: 7 | B9: 26244 | C9: SUMAIYA ISLAM | D9: 01904-289237 | E9: 01820-118616 | F9: 35878 | G9: B+
A10: 8 | B10: 25198 | C10: Mohammad Abdullah | D10: 01606-588070 | F10: 36312 | G10: O+
A11: 9 | B11: 25184 | C11: RAYHAN MIAH | D11: 01568-531847 | E11: 01581-860242 | F11: 37751 | G11: A+
A12: 10 | B12: 25161 | C12: KAWSHAR HASAN SUMIT | D12: 01300-774779 | E12: 01778-226707 | F12: 24/04/2004 | G12: B+
A13: 11 | B13: 25235 | C13: JANNATUL FERDOUS AHONA | D13: 01629-427117 | E13: 01676-474979 | F13: 39390 | G13: o-
A14: 12 | B14: 25236 | C14: BIDHAN CHANDRA MONDAL | D14: 01817-470730 | E14: 01865-728884 | F14: 34554 | G14: A+
A15: 13
A16: 14
A17: 15
A18: 16
C40: MEHEDI HASSAN | D40: MD ASHRAFUL | E40: TAMANNA AKTER | F40: MD ASRAF HOSSAIN | G40: MD SOWAYEED SAWBAN | H40: MD SAJIB SARKER | I40: AYON SAHA | J40: WAS KURONI HAQUE NIPU | K40: MORSALIN SHEIKH | L40: RIFAT HOSSEN

Sheet MJLI-13
A1: MJLI-13 সকাল ১০টা থেকে ১২টা (শনি- সোম- বুধ)
A2: Course Duration: 05/01/26- 05/05/26 | F2: Course Status : CLOSEED
A3: SL NO. | B3: STUDENT ID | C3: Student NAME | D3: Mobile Number | E3: Guardian Number | F3: Date Of Birth | G3: BLOOD GROUP | H3: Relationship With Guarantor | I3: COMMENT
A4: 1 | B4: 25232 | C4: TONMOY DAS | D4: 01877-814141 | E4: 01760-592788 | F4: 38357 | G4: AB+
A5: 2 | B5: 25233 | C5: SHOVO DAS | D5: 01781-847450 | E5: 01722-006745 | F5: 38011 | G5: O+
A6: 3 | B6: 25234 | C6: MD NOMAN | D6: 01404-938126 | E6: 01991-573706 | F6: 37335 | G6: A+
A7: 4 | B7: 25237 | C7: SIFAT | D7: 01307-717082 | E7: 01611-953126 | F7: 38659 | G7: AB+
A8: 5 | B8: 25238 | C8: ROSNI AKTER | D8: 01996-412874 | E8: 01796-579940 | F8: 39566 | G8: O+
A9: 6 | B9: 25198 | C9: Mohammad Abdullah | D9: 01606-588070 | F9: 36312 | G9: O+
A10: 7 | B10: 25222 | C10: TAMANNA AKTER | D10: 01825-102613 | E10: 01928-384029 | F10: 36940 | G10: B+
A11: 8 | B11: 25227 | C11: WAS KURONI HAQUE NIPU | D11: 01902-818391 | E11: 01978-316040 | F11: 38917 | G11: B+
A12: 9 | C12: IRFAN AHMED GOUROB | D12: 01404-663420 | E12: 01955-802900 | F12: 37523 | G12: A+
A13: 10 | C13: MD RASHEDUL ISLAM | D13: 01821-665275 | E13: 01916-569053 | F13: 35095 | G13: A+
A14: 11
A15: 12
A16: 13
A17: 14
A18: 15
A19: 16
A20: 17
A21: 18

Sheet MJLI 14
A2: MJLI-14 দুপুর ৩টা থেকে ৫টা(শনি- সোম- বুধ)
A3: Course Duration 09/02/2026-09/06/2026 | F3: Course Status : complete
A4: SL NO. | B4: Student Name | C4: Student ID | D4: Mobile Number | E4: Guardian Number | F4: Date Of Birth | G4: Guarantor | H4: BLOOD GROUP | I4: COMMENT
A5: 1 | B5: Sinthea | C5: 26245 | D5: 01717-391918 | E5: 01631-798461 | F5: 24/03/2008
A6: 2 | B6: Jannatul Islam Hridika | C6: 26242 | D6: 01973-298060 | E6: 01708-186362 | F6: 37714
A7: 3 | B7: MD NOMAN | C7: 25234 | D7: 01404-938126 | E7: 01991-573706 | F7: 37335 | H7: A+
A8: 4 | B8: Rokibul Islam | C8: 26241 | D8: 01818-927715 | E8: 01836-135671 | F8: 34700
A9: 5 | B9: Fahim Islam Rahim | C9: 26243 | D9: 01934-229461 | E9: 01740-633208 | F9: 37683
A10: 7 | B10: Jannatul Ferdusi Sima | C10: 26247 | D10: 01568-351073 | E10: 01746-657901 | F10: 37633
A11: 8 | B11: Meherab Hossain | C11: 26248 | D11: 01768-211968 | E11: 01721-407081 | F11: 21/12/2005
A12: 9 | B12: Amit Ghosh | C12: 26246 | D12: 01963-605906 | E12: 01771-623676 | F12: 38118
A13: 10 | B13: MD. Shamim Sheikh | C13: 26250 | D13: 01930-045973 | E13: 01951-142528 | F13: 18/1/2000
A14: 11 | B14: UMAIZA AKTER | C14: 26240 | E14: 01799-300800
A15: 12 | B15: AKIB | C15: 26279 | D15: 01919-807785
A16: 13 | B16: MD SAJIB SARKER | C16: 25225 | D16: 01614-913087 | E16: 01401-646581 | F16: 21/12/2003 | H16: A+
A17: 14 | B17: WAS KURONI HAQUE NIPU | C17: 25227 | D17: 01902-818391 | E17: 01978-316040 | F17: 38917 | H17: B+
A18: 15 | B18: TAMANNA AKTER | C18: 25222 | D18: 01825-102613 | E18: 01928-384029 | F18: 36940 | H18: B+
A19: 16 | B19: ROSNI AKTER | C19: 25238 | D19: 01996-412874 | E19: 01796-579940 | F19: 39566 | H19: O+
A20: 17 | B20: SIFAT | C20: 25237 | D20: 01307-717082 | E20: 01611-953126 | F20: 38659 | H20: AB+
A21: 18 | B21: HASAN SHEIKH | C21: 26302 | D21: 01612-178884 | E21: 01937-891048 | F21: 36652 | H21: B+
A22: 19 | B22: MD. JISAN | C22: 26311 | D22: 01613-352953
A23: 20
A24: 21
A25: 22
A26: 23

Sheet MJLI 15
A1: MJLI15 সকাল ১০টা থেকে ১২টা (রবি, মঙ্গল, বৃহস্পতি)
A2: (🟢ACTIVE)/(🟡NOT ACTIVE)/(🔵IRREGULAR) (🟣TOP)
A3: Course Duration 12/04/2026-12/10/2026 | F3: Course Status : RUNNING
A4: SL NO. | B4: Student Name | C4: Student ID | D4: Mobile Number | E4: Guardian Number | F4: Date Of Birth | G4: Guarantor | H4: BLOOD GROUP | I4: COMMENT
A5: 1 | B5: ISTIAK AHMED🟢 | C5: 26266 | D5: 01782-577082 | E5: 01715-423779 | F5: 36203 | G5: FATHER | H5: B+
A6: 2 | B6: MD RAYHAN MIA🟢 | C6: 26257 | D6: 014096-35121 | E6: 01985-522368 | F6: 31/12/2000 | G6: FATHER
A7: 3 | B7: ARIF HOSSAIN MUNNA🟢 | C7: 26258 | D7: 01966-221626 | E7: 01752-108800 | F7: 25/2/2006 | G7: MAMA
A8: 4 | B8: SANJIDA KHAN SHUCHI🟢 | C8: 26273 | D8: 01337-341963 | E8: 01720-259100 | F8: 38760 | G8: FATHER | H8: O-
A9: 5 | B9: AKASH KHAN 🟡 | C9: 26259 | D9: 01705-198149 | E9: 01710-085632 | F9: 37692 | G9: FATHER | H9: B+
A10: 6 | B10: MAHADI HASAN🟢 | C10: 26274 | D10: 01570-237176 | E10: 01533-608018 | F10: 19/2/2007 | G10: FATHER | H10: B+
A11: 7 | B11: URMI AKTER🔵 | C11: 26261 | D11: 01753-649532 | E11: 01796-101256 | F11: 15/1/2001 | G11: FATHER | H11: A+
A12: 8 | B12: TUSHAR BHUIYAN🟡 | C12: 26262 | D12: 01938-366068 | E12: 01642-420850 | F12: 25/1/2001 | G12: BROTHER | H12: AB+
A13: 9 | B13: ATIKUR RAHMAN SINHAT🔵 | C13: 26263 | D13: 01842-535513 | E13: 01910-441518 | F13: 40033 | G13: FATHER
A14: 10 | B14: AMIMUL EHASAN🟡 | C14: 26276 | D14: 01906-828007 | E14: 01777-809997 | F14: 36444 | G14: FATHER | H14: B+
A15: 11 | B15: LAMIA UMMA SADIA🟣 | C15: 26277 | D15: 01636-660963 | E15: 01537-337270 | F15: 27/10/2004 | H15: B+
A16: 12 | B16: MD SUMON HOSSAIN🟢 | C16: 26239 | D16: 01608-068552 | E16: 01717-245534 | F16: 36444
A17: 13 | B17: SAIMUR RAHMAN SIAM🟣 | C17: 26251 | D17: 01892-738541
A18: 14 | B18: WAHIDUL ISLAM SAFAYET🟡 | C18: 26322 | D18: 01720-653079 | E18: 01794-162506 | F18: 30/3/2005 | G18: MOTHER | H18: O+
A19: 15 | B19: GOPAL NAG🟣 | C19: 26272 | D19: 01841-909597 | F19: 37814 | H19: A-
A20: 16 | B20: MUNNA MD NASER AHMED🟣 | C20: 26319 | D20: 01793-246555 | E20: 01713-004889 | F20: 31/12/1994 | G20: FATHER | H20: B+

Sheet N4-26A
A1: MASSIVE N4 MORNING BATCH (১২ টা থেকে ২ টা শনি - সোম - বুধ)
A2: Course Duration: 4/4/2026-4/8/2026 | F2: Course Status : complete
A3: SL NO. | B3: Student Name | C3: Student ID | D3: Mobile Number | E3: Guardian Number | F3: Date Of Birth | G3: Guarantor | H3: BLOOD GROUP | I3: COMMENT
A4: 1 | B4: MD TAWHID | C4: 26249 | D4: 01643-873866 | F4: 38602 | H4: O+
A5: 2 | B5: MD TOUFIK AHMED | C5: 25147 | D5: 01339-633559 | E5: 01675-551262 | F5: 26/09/2004 | H5: AB+
A6: 3 | B6: MUSFIQUR MAHMUD | C6: 25162 | D6: 01788-444277 | E6: 01818-459512 | F6: 39727 | H6: AB+
A7: 4 | B7: SIAM DEWAN | C7: 25156 | D7: 01866-449803 | F7: 26/08/2007
A8: 5 | B8: ANAMUL HASAN SABBIR | C8: 25159 | D8: 01828-023752 | E8: 01843-168007 | F8: 25/04/2005 | H8: O+
A9: 6 | B9: MD JUBAER HOSSAIN | C9: 25171 | D9: 01978-705578 | E9: 01715-050334 | F9: 39060 | H9: A+
A10: 7 | B10: MD.IKHTIYAR HOSEN | C10: 223 | D10: 01609-731308 | F10: 36623
A11: 8 | B11: AL JUBAIR | C11: 25153 | D11: 01873-652079 | E11: 01823-417527 | F11: 37408 | H11: O+
A12: 9 | B12: Tamim Visty | C12: 199 | D12: 01810-514924
A13: 10
A14: 11
A15: 12
A16: 13
A17: 14
A18: 15
A19: 16

Sheet N4-26B
A1: MASSIVE N4-26B ৪টা থেকে ৬টা (রবি, মঙ্গল, বৃহস্পতি)
A2: Course Duration 17/5/2026-17/9/2026 | G2: Course Status : COMPLETE
A3: SL NO. | B3: Student Name | C3: PAYMENT | D3: Student ID | E3: Mobile Number | F3: Guardian Number | G3: Date Of Birth | H3: Guarantor | I3: BLOOD GROUP | J3: COMMENT
A4: 1 | B4: HASIBUL ALOM RAPTY | C4: OK | D4: 25201
A5: 2 | B5: SALMA AKTER | C5: OK | D5: 25214 | E5: 01951-640366 | F5: 01718-309320 | G5: 38247 | I5: B+
A6: 3 | B6: DIP ROY | D6: 25206 | E6: 01749-387312 | F6: 01983-467220 | G6: 39387
A7: 4 | B7: RABBY MIA | C7: 5000 | D7: 25197 | E7: 01860-526566 | F7: 01766-078688 | G7: 38852
A8: 5 | B8: NUSHRAT | D8: 25173
A9: 6 | B9: FAYSAL AHMED | D9: 25212 | E9: 01766-952913 | F9: 01727-963314 | G9: 38069
A10: 7 | B10: SADIA ISLAM | C10: OK | D10: 25230 | E10: 01876-519488 | F10: 01799-444255 | G10: 39761 | I10: A+
A11: 8 | B11: NAHAR SHOVA | C11: OK | D11: 26296 | E11: 01730-845444
A12: 9 | B12: MD. IBRAHIM HASAN | C12: OK | D12: 26306 | E12: 01967-1130214
A13: 10 | B13: RIFAT SIKDER | C13: OK | D13: 26290 | E13: 01811-489631 | F13: 01745-669096 | G13: 28/12/2002 | I13: O+
A14: 11 | B14: JARIN MONI | D14: 25110 | E14: 01792-480988
A15: 12 | B15: NIYAZ MORSHED | D15: 173 | E15: 01816-335423
A16: 13 | B16: MD EMON | D16: 25193 | E16: 01818-086458 | F16: 01621-088691 | G16: 37538 | I16: O-
A17: 14
A18: 15
A19: 16
A20: 17
A21: 18

Sheet MJLI 16
A1: MJLI 16 ২ টা থেকে ৪ টা (শনি - সোম - বুধ )
A2: (🟢ACTIVE)/(🟡NOT ACTIVE)/(🔵IRREGULAR) (🟣TOP)
A3: Course Duration 6/5/2026-6/10/2026 | F3: Course Status : CLOSED
A4: SL | B4: Student Name | C4: Student ID | D4: Mobile Number | E4: Guardian Number | F4: Date Of Birth | G4: Guarantor | H4: BLOOD GROUP | I4: COMMENT
A5: 1 | B5: MD. RUHULLAH SEAM🟣 | C5: 26275 | D5: 01321-576072 | E5: 01945-409980 | F5: 37656 | G5: BROTHER
A6: 2 | B6: SAMIR HOSSAIN | C6: 26309 | D6: 01406-454347 | E6: 01736-218135 | F6: 23/02/2004 | G6: MOTHER | H6: B+
A7: 3 | B7: MD ALI AZGOR🟢 | C7: 26270 | D7: 01848-565827 | E7: 01676-124400 | F7: 15/02/2000 | G7: UNCLE | H7: O-
A8: 4 | B8: LUCKYI ISLAM🟡 | C8: 26271 | D8: 01792-181319 | E8: 01864-940169 | F8: 14/04/1995 | G8: BROTHER
A9: 5 | B9: MEHEDI HASSAN🔵 | C9: 26281 | D9: 01630-220771 | E9: 01712-551994 | F9: 2/4/0200 | G9: FATHER
A10: 6 | B10: TANVEER HOSSAIN ANTOR🔵 | C10: 26282 | D10: 01720-594343 | E10: 01733-151484 | F10: 38657
A11: 7 | B11: AHAD HOSSAIN KIRON🔵 | C11: 26283 | D11: 01342-375777 | E11: 01733-151484 | F11: 20/9/2006 | G11: FATHER
A12: 8 | B12: MD RAKIB VUIYA🟡 | C12: 26285 | D12: 01744-217276 | F12: 18/11/2003
A13: 9 | B13: PIPASHA ROY🟡 | C13: 26292 | D13: 01910-101993 | E13: 01816-712289 | F13: 34283 | G13: BROTHER | H13: B+
A14: 10 | B14: MOHAMMAD NAIM🟣 | C14: 26289 | D14: 01986-421576 | E14: 01646-814758 | F14: 39030 | G14: FATHER | H14: B+
A15: 11 | B15: AMINUL ISLAM JISAN🟢 | C15: 25126 | D15: 01758-034945 | E15: 0171954-0296 | F15: 38475 | G15: FATHER
A16: 12 | B16: MOHAMMAD AKASH🟢 | C16: 26284 | D16: 01778-265174 | E16: 01728-350070 | F16: 38362 | G16: MAMA | H16: O+
A17: 13 | B17: MD SELIM UDDIN🟢 | C17: 26314 | D17: 01796-409850 | E17: 01968-141906 | F17: 36529 | G17: MOTHER | H17: A+

Sheet MJLI 17
A1: MASSIVE 17 সকাল ১০টা থেকে ১২টা (শনি - সোম - বুধ )
A2: (🟢ACTIVE)/(🟡NOT ACTIVE)/(🔵IRREGULAR) (🟣TOP)
A3: Course Duration:06JUN～6 NOV | F3: Course Status : RUNNING
A4: SL NO. | B4: Student Name | C4: Student ID | D4: Mobile Number | E4: Guardian Number | F4: Date Of Birth | G4: Guarantor | H4: BLOOD GROUP | I4: COMMENT
A5: 1 | B5: SAIFUL ISLAM🟣 | C5: 26288 | D5: 01864-771046 | E5: 01703-797085 | F5: 38604 | H5: A+
A6: 2 | B6: MD HRIDOY HOSSAIN🟣 | C6: 26287 | D6: 01615-779109 | E6: 01703-797085 | F6: 38698 | H6: A+
A7: 3 | B7: RUBAYA SULTANA RUMANA | C7: 25210 | D7: 01760-877543 | E7: 01733-716077 | F7: 36749 | H7: B+
A8: 4 | B8: SAMI BIN SAIF ARAF🟢 | C8: 26295 | D8: 01572-918862 | E8: 01511-242721 | F8: 39212 | G8: MOTHER | H8: B+
A9: 5 | B9: MIM KHAN🟡 | C9: 26298 | D9: 01775-848484 | E9: 01716-025629 | F9: 14/7/1999 | G9: MOTHER | H9: A+
A10: 6 | B10: ANAS ABDULLAH🟣 | C10: 26253 | D10: 01613-380569 | F10: 38048 | G10: FATHER | H10: O+
A11: 7 | B11: PARVEZ AHAMMAD TOPU🟢 | C11: 26312 | D11: 01945-757129 | E11: 01711-303651 | F11: 24/2/2005 | G11: FATHER | H11: A+
A12: 8 | B12: ARSHAD KHAN🔵 | C12: 26300 | D12: 01627-319047 | E12: 01741-224222 | F12: 36070 | G12: FATHER
A13: 9 | B13: RASEL HALDER🟢 | C13: 26299 | D13: 01865-054738 | E13: 01865-054738 | F13: 33734 | G13: FATHER
A14: 10 | B14: MD SANJIL AHMED JIHAD🔵 | C14: 26301 | D14: 01943-006678 | E14: 01911-626870 | F14: 14/7/2004 | G14: MOTHER | H14: A+
A15: 11 | B15: ARIFA AKTER🟣 | C15: 26304 | E15: 01772-921810 | F15: 15/4/2005 | G15: MOTHER | H15: AB+
A16: 12 | B16: MD ABU SAYEED SAYMON🟢 | C16: 26313 | D16: 01836-134119 | F16: 34436 | H16: A+
A17: 13 | B17: NAZMUL HASAN MAZUMDER🟢 | C17: 26308 | D17: 01743-028108 | F17: 37624
A18: 14 | B18: MOHAMMAD ARAFAT🟢 | C18: 26307 | D18: 01775-537173 | F18: 30/7/2004
A19: 15 | B19: MD POLASH MIA🟢 | C19: 26330 | D19: 01795-819170 | E19: 01301-960655 | F19: 38809 | H19: O+
A20: 16 | B20: MD. RUHULLAH SEAM🟣 | C20: 26275 | D20: 01321-576072 | E20: 01945-409980 | F20: 37656 | G20: BROTHER
A21: 17 | B21: SAMIR HOSSAIN | C21: 26309 | D21: 01406-454347 | E21: 01736-218135 | F21: 23/02/2004 | G21: MOTHER | H21: B+
A22: 18 | B22: MD ALI AZGOR🟢 | C22: 26270 | D22: 01848-565827 | E22: 01676-124400 | F22: 15/02/2000 | G22: UNCLE | H22: O-
A23: 19 | B23: MD RAKIB VUIYA🟡 | C23: 26285 | D23: 01744-217276 | F23: 18/11/2003
A24: 20 | B24: AMINUL ISLAM JISAN🟢 | C24: 25126 | D24: 01758-034945 | E24: 0171954-0296 | F24: 38475 | G24: FATHER
A25: 21
A26: 22

Sheet MJLI 18
A1: MASSIVE 18 দুপুর ২টা থেকে ৪টা (রবি, মঙ্গল, বৃহস্পতি)
A2: (🟢ACTIVE)/(🟡NOT ACTIVE)/(🔵IRREGULAR) (🟣TOP)
A3: Course Duration 23/6/2026- 23/11/2026 | F3: Course Status : RUNNING
A4: SL NO. | B4: Student Name | C4: Student ID | D4: Mobile Number | E4: Guardian Number | F4: Date Of Birth | G4: Guarantor | H4: BLOOD GROUP | I4: COMMENT
A5: 1 | B5: SANJIDA SUMAIYA🟣 | C5: 26303 | D5: 01709-920330 | E5: 01711-171807 | F5: 35465 | G5: MOTHER | H5: AB+
A6: 2 | B6: ZIDAN HOSSAIN🟢 | C6: 26317 | D6: 01924-244874 | E6: 01945-299416 | F6: 38632 | G6: MOTHER | H6: A+
A7: 3 | B7: ABU BOKKOR ALVI | C7: 26285 | D7: 01754-977376 | E7: 01724-279502 | F7: 23/5/2005 | G7: MOTHER | H7: B+
A8: 4 | B8: MD YEASIN ARAFAT🔵 | D8: 01538-329494 | E8: 01829-439907 | F8: 38660 | H8: O+
A9: 5 | B9: POLOK SARKAR🟣 | C9: 26320 | D9: 01318-617205 | E9: 01716-795301 | F9: 39060
A10: 6 | B10: MD MIRAJ HOSSAIN MOJUMDER🟢 | C10: 26323 | D10: 01600-238747 | E10: 01811-959583 | F10: 15/3/2007 | G10: FATHER | H10: B-
A11: 7 | B11: MAISHA RAHMAN🟢 | C11: 26318 | D11: 01738-186058 | E11: 01684-54657 | F11: 38475 | G11: MOTHER | H11: AB-
A12: 8 | B12: BOISHAKHI AKTER🟢 | C12: 25231 | D12: 01969-023576 | E12: 01772-298186 | F12: 14/2/2008 | G12: FATHER | H12: A+
A13: 9 | B13: WAFA ALOM🟢 | C13: 26326 | D13: 01620-053040 | E13: 01923-417380 | F13: 38028 | H13: B+
A14: 10 | B14: AYSHA AKHTER TASNIM🟣 | C14: 26327 | D14: 01833-542804 | E14: 01679-101004 | F14: 21/11/2004 | H14: B+
A15: 11 | B15: AL MAHMUD AKTAZ🟢 | C15: 26328 | D15: 01883-666019 | E15: 01779-091020 | F15: 23/10/2005 | G15: BROTHER | H15: B+
A16: 12 | B16: SAZZAD BEPARI 🟢 | C16: 26310 | D16: 01611-491812 | E16: 01712-294147 | F16: 23/1/2005 | G16: FATHER | H16: O+
A17: 13 | B17: AYSHA AKHTER RIA🟢 | C17: 26335 | D17: 01888-678560 | E17: 01609-726987 | F17: 38231 | G17: FATHER | H17: AB+
A18: 14 | B18: MORSHALIN MAHI🔵 | C18: 26264 | D18: 01917-804949 | E18: 01714-221347 | F18: 39152 | G18: MOTHER | H18: A+
A19: 15 | B19: FAHAD HOSSAIN🟢 | C19: 26269 | D19: 01811-451717 | E19: 01811-451717 | F19: 39366 | H19: B+
A20: 16 | B20: MD. ALVI HAQUE🔵 | C20: 26324 | D20: 01706-508632 | E20: 01779-295561 | F20: 28/7/2006 | H20: A+
A21: 17 | B21: MOHAMMAD ALOM🔵 | C21: 26316 | D21: 01770-065019 | E21: 01738-205157 | F21: 39149 | G21: FATHER | H21: A+
A22: 18 | B22: LUCKYI ISLAM🟡 | C22: 26271 | D22: 01792-181319 | E22: 01864-940169 | F22: 14/04/1995 | G22: BROTHER
A23: 19 | B23: PIPASHA ROY🟡 | C23: 26292 | D23: 01910-101993 | E23: 01816-712289 | F23: 34283 | G23: BROTHER | H23: B+
A24: 20 | B24: MOHAMMAD NAIM🟣 | C24: 26289 | D24: 01986-421576 | E24: 01646-814758 | F24: 39030 | G24: FATHER | H24: B+
A25: 21 | B25: MOHAMMAD AKASH🟢 | C25: 26284 | D25: 01778-265174 | E25: 01728-350070 | F25: 38362 | G25: MAMA | H25: O+
A26: 22 | B26: MD SELIM UDDIN🟢 | C26: 26314 | D26: 01796-409850 | E26: 01968-141906 | F26: 36529 | G26: MOTHER | H26: A+

Sheet MJLI 19
A1: MASSIVE 19 সকাল ১১ঃ৪৫টা থেকে ১ঃ৪৫টা শনি - সোম - বুধ
A2: (🟢ACTIVE)/(🟡NOT ACTIVE)/(🔵IRREGULAR) (🟣TOP)
A3: Course Duration : 15/7/2026-15/12/2026 | F3: Course Status : RUNNING
A4: SL NO. | B4: Student Name | C4: Student ID | D4: Mobile Number | E4: Guardian Number | F4: Date Of Birth | G4: Guarantor | H4: BLOOD GROUP | I4: COMMENT
A5: 1 | B5: MD NUR ALOM🟢 | C5: 26325 | D5: 01747-667790 | E5: 01727-343019 | F5: 30/12/2004 | H5: AB+
A6: 2 | B6: IBRAHIM🟢 | C6: 26343 | D6: 01965-107613 | F6: 38421 | H6: O+
A7: 3 | B7: EVA🟢 | C7: 26342 | D7: 01742-860731 | F7: 31/8/2000 | H7: O+
A8: 4 | B8: NAIMA ISLAM NISHAT🟣 | C8: 26329 | D8: 01957-938358 | E8: 01913-561334 | F8: 13/4/2000 | H8: O+
A9: 5 | B9: MD IMTIAZ AHMED🟢 | C9: 26331 | D9: 01939-344079 | E9: 01733-756053 | F9: 39428 | H9: B+
A10: 6 | B10: SIAM DOKANDER🟡 | C10: 26332 | D10: 01349-308413 | E10: 01830-394300 | F10: 22/9/2009 | G10: UNCLE | H10: A+
A11: 7 | B11: MOHAMMAD ALIF🟢 | C11: 26333 | D11: 01979-136202 | E11: 01722-136202 | F11: 25/11/2004 | G11: MOTHER | H11: A+
A12: 8 | B12: AL-RAFI ISHMUM MRIDHA🟢 | C12: 26337 | D12: 01756-716750 | E12: 01731-512389 | F12: 17/9/2005 | H12: B+
A13: 10 | B13: MEHEDI AREFIN🟢 | C13: 26338 | D13: 01648-361125 | F13: 18/03/2000
A14: 11 | B14: SAHA PORAN MIA🟢 | C14: 26339 | D14: 01777-534005 | E14: 01833-6315543 | F14: 37840 | G14: FATHER | H14: O+
A15: 12 | B15: ATAUR RAHMAN PATOARY🟢 | C15: 26315 | D15: 01837-356535 | E15: 01685-205009 | F15: 30/11/2005 | G15: FATHER | H15: O+
A16: 13
A17: 14
A18: 15
A19: 16
A20: 17
A21: `18
A22: 19
A23: 20
A24: 21
A25: 22
A26: 23

Sheet MJLI 20
A1: MJLI-20 সকাল ৯ঃ৩০টা থেকে ১১ঃ৩০টা (রবি, মঙ্গল, বৃহস্পতি)
A2: Course Duration: 25 AUG～25 FEB 2027 | F2: Course Status : RUNNING
A3: SL NO. | B3: Student Name | C3: Student ID | D3: Mobile Number | E3: Guardian Number | F3: Date Of Birth | G3: BLOOD GROUP | H3: Relationship With Guarantor | I3: COMMENT
A4: 1 | B4: MD. KAWSAR HOSSAIN | C4: 26340 | D4: 01796-507991 | E4: 01329-283916 | F4: 38844 | G4: O+ | H4: MOTHER
A5: 2 | B5: SIAM RAHMAN | C5: 26341 | D5: 01991-302932 | E5: 01410-302966 | F5: 39060 | G5: O+ | H5: FATHER
A6: 3 | B6: ALIDE HOSSAIN SIFAT | C6: 26344 | D6: 01816-768614 | E6: 01681-082163 | F6: 28/3/2003 | G6: A+ | H6: FATHER
A7: 4 | B7: MST MAHIYA | C7: 26349 | D7: 01936-315226 | E7: 01934-394311 | F7: 25/09/2008 | H7: FATHER
A8: 5 | B8: RUBAYA SULTANA RUMANA | C8: 25210 | D8: 01760-877543 | E8: 01733-716077 | F8: 36749 | G8: B+
A9: 6 | B9: TAIF ISLAM SIAM | C9: 26347 | D9: 01314-911278 | E9: 01922-541951 | F9: 39791 | H9: FATHER
A10: 7 | B10: RIFAT | C10: 26352 | D10: 01872-728930 | E10: 01712-919767 | F10: 39184 | G10: B+ | H10: FATHER
A11: 8 | B11: MD SAYEM AHMED | C11: 26353 | D11: 01814-676360 | E11: 01920-763924 | F11: 18/09/2003 | G11: B+ | H11: FATHER
A12: 9 | B12: INSAN HOSSEN EMON | C12: 26358 | D12: 01708-572625 | E12: 01735-999534 | F12: 28/02/2001 | G12: O+ | H12: FATHER
A13: 10 | B13: MAHMUDA RAHAMAN RIDITA | C13: 26357 | D13: 01401-562238 | E13: 01978-303590 | F13: 38630 | H13: FATHER
A14: 11 | B14: MD SOHAN | D14: 01307-281490 | E14: 01944-207301 | F14: 39083 | G14: O+ | H14: FATHER
A15: 12 | B15: MD JUBAEAR | C15: 26364 | D15: 01898-905839 | E15: 01670-446693 | F15: 39693 | G15: A+ | H15: FATHER
A16: 13 | B16: MD JUNAED | C16: 26365 | D16: 01898-905869 | E16: 01670-446693 | F16: 39693 | G16: A+ | H16: FATHER
A17: 14 | B17: MD ZIHAD | D17: 01324-457074 | E17: 01334-697826 | F17: 15/01/2005 | G17: B+ | H17: MOTHER
A18: 15 | B18: ROSNI AKTER | C18: 25238 | D18: 01996-412874 | E18: 01796-579940 | F18: 39664 | G18: O+
A19: 16 | B19: ABU TALEB | C19: 26359 | D19: 01703-740897 | E19: 01725-550401 | F19: 39632 | G19: O+ | H19: FATHER
A20: 17 | B20: MUJTABA RAFID | C20: 26361 | D20: 013235-42502 | E20: 01630-580088 | F20: 20/10/2008 | G20: O+ | H20: MOTHER
A21: 18 | B21: MD RAKIBUL HASSAN RABBI | D21: 01626-706933 | E21: 01745-513106 | F21: 39234 | G21: O+ | H21: FATHER
A22: 19 | B22: MD RASEL DHALI | C22: 26367 | D22: 01689-57765 | E22: 01689-57765 | F22: 30600 | G22: O+
A23: 20 | B23: ASIKUR RAHMAN JOY | C23: 26362 | D23: 01609-885118 | E23: 01720-937666 | F23: 39052 | G23: O+
A24: 21 | B24: MD SOHAG | C24: 26363 | D24: 01893-7119133 | E24: 01315-918380 | F24: 39722 | G24: B+
A25: 22 | B25: FATEMA KHATUN MIM | D25: 01935-824657 | E25: 01968-943969 | F25: 37899 | G25: A+ | H25: MOTHER
A26: 23 | B26: SHWIKOT SARKER RUDRA | C26: 26368 | D26: 01911-246108 | E26: 01923-639455 | F26: 39700 | G26: A+ | H26: FATHER
A27: 24 | B27: BAKUL AKTER | C27: 26366 | D27: 01984-416434 | E27: 01787-164349 | F27: 17/08/1996 | G27: AB+ | H27: SISTER
A28: 25 | B28: SWIBAL SARKAR DRUVO | C28: 26369 | D28: 01855-549927 | E28: 01923-639455 | F28: 39700 | G28: A+ | H28: FATHER
A29: 26 | B29: LUBNA AKTER | C29: 26380 | D29: 01791-619452 | E29: 01745-289527 | F29: 17/06/2006 | G29: AB+ | H29: FATHER
A30: 27 | B30: SUMAIYA | C30: 26371 | D30: 01855-053949 | E30: 01890-311845 | F30: 38021 | G30: o+ | H30: MOTHER
A31: 28 | B31: MAHMUD HASAN | C31: 26372 | D31: 01880-453220 | E31: 01953-396912 | G31: A- | H31: FATHER

Sheet N4 26C
A1: MASSIVE N4 26C বিকাল ৪ঃ০০টা থেকে ৬ঃ০০টা পর্যন্ত
A2: Course Duration:09 AUG～09 DEC | G2: Course Status : RUNNING
A3: SL NO. | B3: Student Name | C3: PAYMENT | D3: Student ID | E3: Mobile Number | F3: Guardian Number | G3: Date Of Birth | H3: Blood group | I3: Relationship With Guarantor | J3: COMMENT
A4: 1 | B4: BIDHAN CHANDRA MONDAL | C4: 5000 | D4: 26236 | E4: 01817-470730 | F4: 01865-728884 | G4: 34554 | H4: A+ | I4: UNCLE
A5: 2 | B5: KAWSHAR HASAN SUMIT | C5: 2000 | D5: 25161 | E5: 01300-774779 | F5: 01778-226707 | G5: 24/04/2004 | H5: B+
A6: 3 | B6: JANNATUL FERDOUS AHONA | C6: 5000 | D6: 26235 | E6: 01629-427117 | F6: 01676-474879 | G6: 39183 | H6: O- | I6: MOTHER
A7: 4 | B7: SUMAIYA ISLAM | C7: 5000 | D7: 26244 | E7: 01904-289237 | F7: 01952-163112 | G7: 24/03/1998 | H7: B+ | I7: FATHER
A8: 5 | B8: MD SHEFAT RAHMAN | C8: 8,000.00 (OK) | D8: 26336 | E8: 01842-116158 | F8: 01782-399127 | G8: 20/04/2004 | H8: AB+ | I8: MOTHER
A9: 6 | B9: MORSHALIN SHEIKH | C9: 600 | D9: 25228 | E9: 01328-237431 | F9: 01595-057239 | G9: 39114 | H9: A+ | I9: MOTHER
A10: 8 | B10: RIFAT HASAN | C10: 9000 | D10: 25229 | E10: 01735-472206 | F10: 01724-778279 | G10: 37626 | H10: O+
A11: 9 | B11: AMIT GOSH | C11: 3000 | D11: 26246 | E11: 01963-605906 | F11: 01771-623676 | G11: 38118
A12: 10 | B12: JANNATUL ISLAM HRIDIKA | C12: 3000 | D12: 26242 | E12: 01400-439969 | F12: 01972-567210 | G12: 38080 | I12: MOTHER
A13: 11 | B13: ROKIBUL ISLAM | C13: - | D13: 26241 | E13: 01818-927715 | G13: 27582 | H13: B+
A14: 12 | B14: MEHERAB HOSSAIN | C14: - | D14: 26248 | E14: 01768-211968 | F14: 01703-182577 | G14: 38698 | H14: B+ | I14: MOTHER
A15: 13 | B15: WAZ KURONI HAQUE NIPU | C15: - | D15: 25227 | E15: 01631-034961 | F15: 01943-036436 | G15: 19/07/2006 | H15: B+ | I15: MOTHER
A16: 14 | B16: HASAN SHEIKH | C16: - | D16: 26302 | E16: 01612-178884 | F16: 01937-891048 | G16: 36652 | H16: B+ | I16: BROTHER
A17: 15 | B17: MD ABDUL MANNAN | C17: 5600 | D17: 25186 | E17: 01914-878400
A18: 16 | B18: MUSHFIQUR RAHMAN | C18: 10000 | D18: 26370 | E18: 01575-821007 | F18: 01912-581833 | G18: 13/04/2004 | H18: B+ | I18: FATHER
A19: 17 | B19: ROMA MONDAL | C19: 10000 | D19: 26378
A20: 18

Sheet MJLI-21
A1: MJLI-21 সন্ধ্যা ০৬ঃ৩০-৮ঃ৩০টা (শনি - সোম - বুধ )
A2: Course Duration:08 AUG～8 DEC | F2: Course Status : RUNNING
A3: SL NO. | B3: Student Name | C3: Student ID | D3: Mobile Number | E3: Guardian Number | F3: Date Of Birth | G3: BLOOD GROUP | H3: Relationship With Guarantor | I3: COMMENT
A4: 1 | B4: ABDUR RAHMAN | D4: 01914-845139 | F4: 35921
A5: 2 | B5: MD TAMBIRUL ISLAM SOJIB | D5: 01405-327745 | E5: 01868-962800 | F5: 15/08/2004 | G5: A+ | H5: BROTHER
A6: 3 | B6: ABDULLAH AL IMRAN | C6: 26321 | D6: 01795-312522 | E6: 01833-425837 | F6: 14/11/2002 | G6: AB+ | H6: FATHER
A7: 4 | B7: SHUVO SARKER | C7: 26345 | D7: 01304-962555 | E7: 01631-184398 | F7: 37840 | G7: B+
A8: 5 | B8: RAYHAN AHMED | C8: 26348 | D8: 01721-725048 | E8: 01721-725048 | F8: 19/2/2007 | G8: B+ | H8: FATHERS
A9: 6 | B9: ASFAK UDDIN SAMIN | D9: 01349-826871 | E9: 01711-957235 | F9: 07/072007 | G9: A+
A10: 7 | B10: ASFAK UDDIN | C10: 26354 | D10: 01537-359161
A11: 8
A12: 9
A13: 10
A14: 11
A15: 12
A16: 13
A17: 14
A18: 15
A19: 16
A20: 17
A21: `18
A22: 19
A23: 20
A24: 21
A25: 22
A26: 23

Sheet MJLI 22
A1: MJLI-22 সকাল ১১ঃ৪৫টা থেকে ১ঃ৪৫টা পর্যন্ত (রবি, মঙ্গল, বৃহস্পতি)
A2: Course Duration: | F2: Course Status :
A3: SL NO. | B3: Student Name | C3: Student ID | D3: Mobile Number | E3: Guardian Number | F3: Date Of Birth | G3: BLOOD GROUP | H3: Relationship With Guarantor | I3: COMMENT
A4: 2 | B4: MAHIR IQBAL PULOK | C4: 26334 | D4: 01646-937534 | E4: 01766-149849 | F4: 36531 | G4: O+
A5: 3 | B5: RAIHAN | C5: 26373 | D5: 01733-904826 | E5: 01308-844133 | F5: 14/05/2008 | G5: A+ | H5: MOTHER
A6: 4 | B6: MD APPLE | C6: 26377 | D6: 01608-860771 | E6: 01568-532475 | F6: 22/09/2007 | G6: O+
A7: 5 | B7: MD SOBAHAN | C7: 26379 | D7: 01326-826691 | E7: 01772-784432 | F7: 15/102008 | G7: A+ | H7: FATHER
A8: 6
A9: 7
A10: 8
A11: 9
A12: 10
A13: 11
A14: 12
A15: 13
A16: 14
A17: 15
A18: 16
A19: 17
... A26: 24

Sheet ATT_DATA
A1: Batch | B1: StudentID | C1: AttName | D1: Present | E1: Absent | F1: Excused | G1: Key
A2: MJLI-12 | B2: 25223 | C2: MD ASRAF HOSSAIN | D2: 27 | E2: 26 | F2: 2 | G2: MJLI-12||25223
A3: MJLI-12 | B3: 25224 | C3: MD SOWAYEED SAWBAN | D3: 29 | E3: 25 | F3: 1 | G3: MJLI-12||25224
A4: MJLI-12 | B4: 25226 | C4: AYON SAHA | D4: 23 | E4: 26 | F4: 2 | G4: MJLI-12||25226
A5: MJLI-12 | B5: 25228 | C5: MORSALIN SHEIKH | D5: 54 | E5: 5 | F5: 2 | G5: MJLI-12||25228
A6: MJLI-12 | B6: 25229 | C6: RIFAT HOSSEN | D6: 54 | E6: 7 | F6: 0 | G6: MJLI-12||25229
A7: MJLI-12 | B7: 25181 | C7: MD JUNAYED HOSSAIN OMI | D7: 48 | E7: 10 | F7: 3 | G7: MJLI-12||25181
A8: MJLI-12 | C8: SUMAIYA ISLAM | D8: 52 | E8: 7 | F8: 2 | G8: MJLI-12||NAME:SUMAIYA ISLAM
A9: MJLI-12 | C9: Lamia Akter | D9: 10 | E9: 28 | F9: 0 | G9: MJLI-12||NAME:LAMIA AKTER
A10: MJLI-12 | B10: 25173 | C10: Nushrat Jahan | D10: 16 | E10: 22 | F10: 0 | G10: MJLI-12||25173
A11: MJLI-12 | C11: Sumit | D11: 23 | E11: 15 | F11: 0 | G11: MJLI-12||NAME:SUMIT
A12: MJLI-12 | C12: RAYHAN MIAH | D12: 16 | E12: 4 | F12: 0 | G12: MJLI-12||NAME:RAYHAN MIAH
A13: MJLI-12 | B13: 25235 | C13: JANNATUL FERDOUS AHONA | D13: 18 | E13: 0 | F13: 2 | G13: MJLI-12||25235
A14: MJLI-12 | B14: 25236 | C14: BIDHAN CHANDRA MONDAL | D14: 20 | E14: 0 | F14: 0 | G14: MJLI-12||25236
A15: MJLI-13 | B15: 25232 | C15: TONMOY DAS | D15: 10 | E15: 24 | F15: 1 | G15: MJLI-13||25232
A16: MJLI-13 | B16: 25233 | C16: SHOVO DAS | D16: 9 | E16: 26 | F16: 0 | G16: MJLI-13||25233
A17: MJLI-13 | B17: 25234 | C17: MD NOMAN | D17: 25 | E17: 8 | F17: 2 | G17: MJLI-13||25234
A18: MJLI-13 | B18: 25235 | C18: JANNATUL FERDOUS AHONA | D18: 35 | E18: 0 | F18: 0 | G18: MJLI-13||25235
A19: MJLI-13 | B19: 25236 | C19: BIDHAN CHANDRA MONDAL | D19: 30 | E19: 2 | F19: 3 | G19: MJLI-13||25236
A20: MJLI-13 | B20: 25237 | C20: SIFAT | D20: 28 | E20: 4 | F20: 3 | G20: MJLI-13||25237
A21: MJLI-13 | B21: 25238 | C21: ROSNI AKTER | D21: 30 | E21: 3 | F21: 2 | G21: MJLI-13||25238
A22: MJLI-13 | B22: 25198 | C22: Mohammad Abdullah | D22: 7 | E22: 20 | F22: 0 | G22: MJLI-13||25198
A23: MJLI-13 | B23: 25222 | C23: TAMANNA AKTER | D23: 15 | E23: 17 | F23: 3 | G23: MJLI-13||25222
A24: MJLI-13 | B24: 25227 | C24: WAS KURONI HAQUE NIPU | D24: 22 | E24: 11 | F24: 2 | G24: MJLI-13||25227
A25: MJLI-13 | C25: AKIB | D25: 15 | E25: 10 | F25: 0 | G25: MJLI-13||NAME:AKIB
A26: MJLI-13 | C26: Hasan Sheikh | D26: 35 | E26: 0 | F26: 0 | G26: MJLI-13||NAME:HASAN SHEIKH
A27: MASSIVE 25K | B27: 25197 | C27: Rabbi Mia | D27: 65 | E27: 1 | F27: 0 | G27: MASSIVE 25K||25197
A28: MASSIVE 25K | B28: 25199 | C28: Julian Leon Baroi | D28: 32 | E28: 34 | F28: 0 | G28: MASSIVE 25K||25199
A29: MASSIVE 25K | B29: 25200 | C29: Md Kashfim Dewan | D29: 46 | E29: 19 | F29: 1 | G29: MASSIVE 25K||25200
A30: MASSIVE 25K | B30: 25205 | C30: Imtiaz Ahamed | D30: 63 | E30: 3 | F30: 0 | G30: MASSIVE 25K||25205
A31: MASSIVE 25K | B31: 25206 | C31: Dip Roy | D31: 65 | E31: 1 | F31: 0 | G31: MASSIVE 25K||25206
A32: MASSIVE 25K | B32: 25207 | C32: Amitosh Mondal | D32: 37 | E32: 25 | F32: 4 | G32: MASSIVE 25K||25207
A33: MASSIVE 25K | B33: 25208 | C33: Mst Anika | D33: 54 | E33: 9 | F33: 3 | G33: MASSIVE 25K||25208
A34: MASSIVE 25K | B34: 25209 | C34: Md Tuhin Sarkar | D34: 35 | E34: 30 | F34: 1 | G34: MASSIVE 25K||25209
A35: MASSIVE 25K | B35: 25210 | C35: Rubaya Sultana Rumana | D35: 47 | E35: 17 | F35: 2 | G35: MASSIVE 25K||25210
A36: MASSIVE 25K | B36: 25211 | C36: Md Easin Sonnamat | D36: 54 | E36: 11 | F36: 1 | G36: MASSIVE 25K||25211
A37: MASSIVE 25K | B37: 25212 | C37: Foysal Ahmed | D37: 60 | E37: 5 | F37: 1 | G37: MASSIVE 25K||25212
A38: MASSIVE 25K | B38: 25213 | C38: Md Tanvir Bhuiyan | D38: 50 | E38: 16 | F38: 0 | G38: MASSIVE 25K||25213
... A42: MASSIVE 25K | B42: 25217 | C42: Md Easin | D42: 31 | E42: 34 | F42: 1 | G42: MASSIVE 25K||25217
A43: MASSIVE 25K | C43: Abdulla Sarkar Ovi | D43: 8 | E43: 9 | F43: 1 | G43: MASSIVE 25K||NAME:ABDULLA SARKAR OVI
A44: MASSIVE 25K | B44: 25230 | C44: Sadia Islam | D44: 7 | E44: 12 | F44: 0 | G44: MASSIVE 25K||25230
A45: MASSIVE 25K | B45: 25231 | C45: Boishakhi Akter | D45: 7 | E45: 12 | F45: 0 | G45: MASSIVE 25K||25231
A46: MASSIVE 25K | C46: Shawon | D46: 5 | E46: 14 | F46: 0 | G46: MASSIVE 25K||NAME:SHAWON
A47: MASSIVE 25K | C47: Shova | D47: 26 | E47: 6 | F47: 0 | G47: MASSIVE 25K||NAME:SHOVA
A48: MASSIVE 25K | C48: RAPTY | D48: 33 | E48: 0 | F48: 0 | G48: MASSIVE 25K||NAME:RAPTY
A49: N4-26A | B49: 25110 | C49: JARIN MONI | D49: 18 | E49: 4 | F49: 6 | G49: N4-26A||25110
A50: N4-26A | B50: 25147 | C50: TOUFIK AHMED | D50: 22 | E50: 12 | F50: 1 | G50: N4-26A||25147
A51: N4-26A | B51: 26249 | C51: TAWHID | D51: 16 | E51: 19 | F51: 0 | G51: N4-26A||26249
A52: N4-26A | B52: 26260 | C52: TANBIR ARAFAT | D52: 10 | E52: 24 | F52: 1 | G52: N4-26A||26260
A53: N4-26A | B53: 25162 | C53: MUSHFIQ MAHMUD | D53: 27 | E53: 6 | F53: 2 | G53: N4-26A||25162
A54: N4-26A | B54: 25191 | C54: MD FARDIN | D54: 7 | E54: 26 | F54: 2 | G54: N4-26A||25191
A55: N4-26A | B55: 25193 | C55: MD EMON | D55: 18 | E55: 10 | F55: 1 | G55: N4-26A||25193
A56: N4-26A | B56: 199 | C56: TAMIM | D56: 24 | E56: 10 | F56: 1 | G56: N4-26A||199
A57: N4-26A | B57: 25159 | C57: ANAMUL SABBIR | D57: 30 | E57: 5 | F57: 0 | G57: N4-26A||25159
A58: N4-26A | B58: 25156 | C58: SIAM DEWAN | D58: 19 | E58: 15 | F58: 1 | G58: N4-26A||25156
A59: N4-26A | B59: 25214 | C59: SALMA | D59: 15 | E59: 8 | F59: 1 | G59: N4-26A||25214
A60: N4-26A | C60: ZUBAYER AHMED | D60: 28 | E60: 7 | F60: 0 | G60: N4-26A||NAME:ZUBAYER AHMED
A61: N4-26A | B61: 25153 | C61: ALL JUBAIR | D61: 8 | E61: 15 | F61: 1 | G61: N4-26A||25153
A62: N4-26A | B62: 223 | C62: IKHTIAR AHMED | D62: 22 | E62: 2 | F62: 0 | G62: N4-26A||223
A63: N4-26B | B63: 25201 | C63: HASIBUL ALOM RAPTY | D63: 13 | E63: 24 | F63: 1 | G63: N4-26B||25201
A64: N4-26B | B64: 25214 | C64: SALMA AKTER | D64: 31 | E64: 4 | F64: 1 | G64: N4-26B||25214
A65: N4-26B | B65: 25206 | C65: DIP ROY | D65: 32 | E65: 4 | F65: 0 | G65: N4-26B||25206
A66: N4-26B | B66: 25197 | C66: RABBY MIA | D66: 22 | E66: 13 | F66: 1 | G66: N4-26B||25197
A67: N4-26B | B67: 25173 | C67: NUSHRAT | D67: 25 | E67: 10 | F67: 1 | G67: N4-26B||25173
A68: N4-26B | B68: 25212 | C68: FAYSAL | D68: 25 | E68: 11 | F68: 0 | G68: N4-26B||25212
A69: N4-26B | B69: 25114 | C69: SOHANUR RAHMAN | D69: 2 | E69: 34 | F69: 0 | G69: N4-26B||25114
A70: N4-26B | B70: 25230 | C70: SADIA ISLAM | D70: 9 | E70: 27 | F70: 0 | G70: N4-26B||25230
A71: N4-26B | B71: 26296 | C71: NAHAR SHOVA | D71: 19 | E71: 14 | F71: 3 | G71: N4-26B||26296
A72: N4-26B | B72: 26206 | C72: IBRAHIM HASAN | D72: 27 | E72: 6 | F72: 1 | G72: N4-26B||26206
... A75: N4-26B | B75: 25127 | C75: RAYHAN KHAN | D75: 26 | E75: 3 | F75: 0 | G75: N4-26B||25127
A76: N4-26B | C76: MIRAJ | D76: 19 | E76: 7 | F76: 0 | G76: N4-26B||NAME:MIRAJ
A77: N4-26B | B77: 173 | C77: NIYAZ MORSHED | D77: 10 | E77: 19 | F77: 0 | G77: N4-26B||173
A78: N4-26B | C78: MD EMON | D78: 9 | E78: 17 | F78: 0 | G78: N4-26B||NAME:MD EMON
A79: N4-26B | C79: EASIN | D79: 6 | E79: 8 | F79: 0 | G79: N4-26B||NAME:EASIN
A80: N4-26B | C80: SAIKAT | D80: 7 | E80: 3 | F80: 0 | G80: N4-26B||NAME:SAIKAT
A81: MJLI 14 | B81: 26245 | C81: Sinthea | D81: 49 | E81: 6 | F81: 0 | G81: MJLI 14||26245
A82: MJLI 14 | B82: 26242 | C82: Jannatul Islam Hridika | D82: 48 | E82: 3 | F82: 4 | G82: MJLI 14||26242
A83: MJLI 14 | B83: 26241 | C83: Rokibul Islam | D83: 53 | E83: 0 | F83: 2 | G83: MJLI 14||26241
A84: MJLI 14 | B84: 26243 | C84: Fahim Islam Rahim | D84: 38 | E84: 15 | F84: 2 | G84: MJLI 14||26243
A85: MJLI 14 | B85: 26247 | C85: Jannatul Ferdusi Sima | D85: 46 | E85: 7 | F85: 2 | G85: MJLI 14||26247
A86: MJLI 14 | B86: 26248 | C86: Meherab Hossain | D86: 49 | E86: 6 | F86: 0 | G86: MJLI 14||26248
A87: MJLI 14 | B87: 26246 | C87: Amit Ghosh | D87: 50 | E87: 5 | F87: 0 | G87: MJLI 14||26246
A88: MJLI 14 | B88: 26250 | C88: MD. Shamim Sheikh | D88: 35 | E88: 20 | F88: 0 | G88: MJLI 14||26250
A89: MJLI 14 | B89: 25237 | C89: SIFAT | D89: 30 | E89: 8 | F89: 0 | G89: MJLI 14||25237
A90: MJLI 14 | B90: 25225 | C90: SAJIB SARKAR | D90: 31 | E90: 7 | F90: 2 | G90: MJLI 14||25225
A91: MJLI 14 | B91: 26302 | C91: HASAN SHEIKH | D91: 32 | E91: 3 | F91: 3 | G91: MJLI 14||26302
A92: MJLI 14 | B92: 25227 | C92: NIPU | D92: 27 | E92: 9 | F92: 2 | G92: MJLI 14||25227
... A118: MJLI 15 | B118: 26322 | C118: WAHIDUL ISLAM SAFAYET | D118: 19 | E118: 14 | F118: 0 | G118: MJLI 15||26322
A119: MJLI 15 | C119: TANBIR BHUIYAN | D119: 26 | E119: 8 | F119: 0 | G119: MJLI 15||NAME:TANBIR BHUIYAN
A120: MJLI 16 | B120: 26275 | C120: MD. RUHULLAH SEAM | D120: 31 | E120: 13 | F120: 2 | G120: MJLI 16||26275
A121: MJLI 16 | B121: 26309 | C121: SAMIR HOSSAIN | D121: 39 | E121: 7 | F121: 0 | G121: MJLI 16||26309
A122: MJLI 16 | B122: 26270 | C122: MD ALI AZGOR | D122: 42 | E122: 4 | F122: 0 | G122: MJLI 16||26270
A123: MJLI 16 | B123: 26271 | C123: LUCKY ISLAM | D123: 42 | E123: 4 | F123: 0 | G123: MJLI 16||26271
A124: MJLI 16 | B124: 26278 | C124: MD. FAHIM RAHMAN | D124: 13 | E124: 33 | F124: 0 | G124: MJLI 16||26278
A125: MJLI 16 | B125: 25189 | C125: MD SHAWON | D125: 14 | E125: 32 | F125: 0 | G125: MJLI 16||25189
A126: MJLI 16 | B126: 26280 | C126: MD. SAYEB REDWAN | D126: 27 | E126: 19 | F126: 0 | G126: MJLI 16||26280
A127: MJLI 16 | B127: 26281 | C127: MEHEDI HASSAN | D127: 25 | E127: 21 | F127: 0 | G127: MJLI 16||26281
A128: MJLI 16 | B128: 26282 | C128: TANVEER HOSSAIN ANTOR | D128: 21 | E128: 25 | F128: 0 | G128: MJLI 16||26282
A129: MJLI 16 | B129: 26283 | C129: AHAD HOSSAIN KIRON | D129: 20 | E129: 26 | F129: 0 | G129: MJLI 16||26283
A130: MJLI 16 | B130: 26324 | C130: MD. ALVI HAQUE | D130: 14 | E130: 27 | F130: 2 | G130: MJLI 16||26324
...
